ann√©e,pop_id,cat_id,nombre_employe,nombre_chomeur
1982,pop_1,cat_1,102,1
1983,pop_1,cat_1,107,0
1984,pop_1,cat_1,115,1
1985,pop_1,cat_1,104,1
1986,pop_1,cat_1,95,0
1987,pop_1,cat_1,97,1
1988,pop_1,cat_1,85,2
1989,pop_1,cat_1,70,0
1990,pop_1,cat_1,61,0
1991,pop_1,cat_1,56,1
1992,pop_1,cat_1,44,0
1993,pop_1,cat_1,36,0
1994,pop_1,cat_1,38,0
1995,pop_1,cat_1,34,0
1996,pop_1,cat_1,31,0
1997,pop_1,cat_1,31,0
1998,pop_1,cat_1,21,0
1999,pop_1,cat_1,23,0
2000,pop_1,cat_1,21,0
2001,pop_1,cat_1,18,0
2002,pop_1,cat_1,16,0
2003,pop_1,cat_1,20,0
2004,pop_1,cat_1,12,0
2005,pop_1,cat_1,13,0
2006,pop_1,cat_1,11,0
2007,pop_1,cat_1,11,0
2008,pop_1,cat_1,12,0
2009,pop_1,cat_1,12,0
2010,pop_1,cat_1,14,0
2011,pop_1,cat_1,9,0
2012,pop_1,cat_1,12,0
2013,pop_1,cat_1,9,0
2014,pop_1,cat_1,5,1
2015,pop_1,cat_1,6,0
2016,pop_1,cat_1,8,0
2017,pop_1,cat_1,7,0
2018,pop_1,cat_1,7,0
2019,pop_1,cat_1,4,0
2020,pop_1,cat_1,8,0
1982,pop_2,cat_1,394,0
1983,pop_2,cat_1,377,2
1984,pop_2,cat_1,388,1
1985,pop_2,cat_1,381,2
1986,pop_2,cat_1,366,4
1987,pop_2,cat_1,370,2
1988,pop_2,cat_1,364,2
1989,pop_2,cat_1,372,5
1990,pop_2,cat_1,358,3
1991,pop_2,cat_1,350,4
1992,pop_2,cat_1,340,2
1993,pop_2,cat_1,304,3
1994,pop_2,cat_1,294,1
1995,pop_2,cat_1,290,2
1996,pop_2,cat_1,279,1
1997,pop_2,cat_1,277,2
1998,pop_2,cat_1,267,2
1999,pop_2,cat_1,261,1
2000,pop_2,cat_1,244,1
2001,pop_2,cat_1,231,1
2002,pop_2,cat_1,233,0
2003,pop_2,cat_1,288,0
2004,pop_2,cat_1,244,1
2005,pop_2,cat_1,257,1
2006,pop_2,cat_1,286,3
2007,pop_2,cat_1,229,1
2008,pop_2,cat_1,194,0
2009,pop_2,cat_1,216,2
2010,pop_2,cat_1,213,1
2011,pop_2,cat_1,206,1
2012,pop_2,cat_1,193,0
2013,pop_2,cat_1,197,2
2014,pop_2,cat_1,170,1
2015,pop_2,cat_1,161,1
2016,pop_2,cat_1,162,1
2017,pop_2,cat_1,143,2
2018,pop_2,cat_1,131,2
2019,pop_2,cat_1,135,0
2020,pop_2,cat_1,126,0
1982,pop_3,cat_1,492,1
1983,pop_3,cat_1,492,0
1984,pop_3,cat_1,506,0
1985,pop_3,cat_1,477,1
1986,pop_3,cat_1,448,1
1987,pop_3,cat_1,443,0
1988,pop_3,cat_1,410,1
1989,pop_3,cat_1,384,0
1990,pop_3,cat_1,337,1
1991,pop_3,cat_1,297,1
1992,pop_3,cat_1,267,0
1993,pop_3,cat_1,227,0
1994,pop_3,cat_1,206,0
1995,pop_3,cat_1,176,0
1996,pop_3,cat_1,175,0
1997,pop_3,cat_1,155,1
1998,pop_3,cat_1,150,1
1999,pop_3,cat_1,146,1
2000,pop_3,cat_1,147,0
2001,pop_3,cat_1,153,0
2002,pop_3,cat_1,174,0
2003,pop_3,cat_1,198,0
2004,pop_3,cat_1,180,1
2005,pop_3,cat_1,170,1
2006,pop_3,cat_1,170,0
2007,pop_3,cat_1,152,0
2008,pop_3,cat_1,137,0
2009,pop_3,cat_1,151,1
2010,pop_3,cat_1,157,1
2011,pop_3,cat_1,166,0
2012,pop_3,cat_1,170,1
2013,pop_3,cat_1,183,1
2014,pop_3,cat_1,183,1
2015,pop_3,cat_1,178,1
2016,pop_3,cat_1,181,1
2017,pop_3,cat_1,169,1
2018,pop_3,cat_1,167,1
2019,pop_3,cat_1,156,2
2020,pop_3,cat_1,137,1
1982,pop_4,cat_1,15,1
1983,pop_4,cat_1,15,0
1984,pop_4,cat_1,13,0
1985,pop_4,cat_1,13,0
1986,pop_4,cat_1,13,1
1987,pop_4,cat_1,12,0
1988,pop_4,cat_1,10,0
1989,pop_4,cat_1,10,0
1990,pop_4,cat_1,6,0
1991,pop_4,cat_1,5,0
1992,pop_4,cat_1,5,0
1993,pop_4,cat_1,7,0
1994,pop_4,cat_1,3,0
1995,pop_4,cat_1,3,0
1996,pop_4,cat_1,3,0
1997,pop_4,cat_1,2,0
1998,pop_4,cat_1,2,0
1999,pop_4,cat_1,2,0
2000,pop_4,cat_1,2,0
2001,pop_4,cat_1,2,0
2002,pop_4,cat_1,1,0
2003,pop_4,cat_1,0,0
2004,pop_4,cat_1,1,0
2005,pop_4,cat_1,1,0
2006,pop_4,cat_1,1,0
2007,pop_4,cat_1,1,0
2008,pop_4,cat_1,1,0
2009,pop_4,cat_1,1,0
2010,pop_4,cat_1,1,0
2011,pop_4,cat_1,1,0
2012,pop_4,cat_1,0,0
2013,pop_4,cat_1,1,0
2014,pop_4,cat_1,2,0
2015,pop_4,cat_1,1,0
2016,pop_4,cat_1,2,0
2017,pop_4,cat_1,2,0
2018,pop_4,cat_1,1,0
2019,pop_4,cat_1,0,0
2020,pop_4,cat_1,0,0
1982,pop_5,cat_1,329,1
1983,pop_5,cat_1,312,1
1984,pop_5,cat_1,322,1
1985,pop_5,cat_1,307,2
1986,pop_5,cat_1,279,2
1987,pop_5,cat_1,257,2
1988,pop_5,cat_1,245,2
1989,pop_5,cat_1,246,1
1990,pop_5,cat_1,226,2
1991,pop_5,cat_1,225,2
1992,pop_5,cat_1,215,0
1993,pop_5,cat_1,201,2
1994,pop_5,cat_1,191,1
1995,pop_5,cat_1,186,1
1996,pop_5,cat_1,181,1
1997,pop_5,cat_1,177,0
1998,pop_5,cat_1,159,0
1999,pop_5,cat_1,153,1
2000,pop_5,cat_1,132,0
2001,pop_5,cat_1,129,2
2002,pop_5,cat_1,128,0
2003,pop_5,cat_1,118,0
2004,pop_5,cat_1,115,1
2005,pop_5,cat_1,80,1
2006,pop_5,cat_1,85,1
2007,pop_5,cat_1,70,0
2008,pop_5,cat_1,62,1
2009,pop_5,cat_1,75,2
2010,pop_5,cat_1,69,1
2011,pop_5,cat_1,66,0
2012,pop_5,cat_1,65,1
2013,pop_5,cat_1,72,1
2014,pop_5,cat_1,61,0
2015,pop_5,cat_1,49,0
2016,pop_5,cat_1,46,0
2017,pop_5,cat_1,42,0
2018,pop_5,cat_1,39,0
2019,pop_5,cat_1,42,2
2020,pop_5,cat_1,40,0
1982,pop_6,cat_1,278,0
1983,pop_6,cat_1,307,1
1984,pop_6,cat_1,318,0
1985,pop_6,cat_1,297,1
1986,pop_6,cat_1,273,0
1987,pop_6,cat_1,278,0
1988,pop_6,cat_1,265,1
1989,pop_6,cat_1,245,1
1990,pop_6,cat_1,226,1
1991,pop_6,cat_1,216,1
1992,pop_6,cat_1,201,1
1993,pop_6,cat_1,168,1
1994,pop_6,cat_1,147,1
1995,pop_6,cat_1,132,1
1996,pop_6,cat_1,117,1
1997,pop_6,cat_1,100,0
1998,pop_6,cat_1,91,0
1999,pop_6,cat_1,93,0
2000,pop_6,cat_1,91,1
2001,pop_6,cat_1,91,1
2002,pop_6,cat_1,99,0
2003,pop_6,cat_1,114,0
2004,pop_6,cat_1,104,0
2005,pop_6,cat_1,103,0
2006,pop_6,cat_1,102,0
2007,pop_6,cat_1,92,1
2008,pop_6,cat_1,79,0
2009,pop_6,cat_1,78,0
2010,pop_6,cat_1,75,1
2011,pop_6,cat_1,80,0
2012,pop_6,cat_1,80,1
2013,pop_6,cat_1,75,1
2014,pop_6,cat_1,80,0
2015,pop_6,cat_1,78,1
2016,pop_6,cat_1,81,1
2017,pop_6,cat_1,72,0
2018,pop_6,cat_1,64,1
2019,pop_6,cat_1,61,1
2020,pop_6,cat_1,56,1
1982,pop_1,cat_2,36,2
1983,pop_1,cat_2,32,1
1984,pop_1,cat_2,31,3
1985,pop_1,cat_2,27,4
1986,pop_1,cat_2,32,3
1987,pop_1,cat_2,33,3
1988,pop_1,cat_2,39,2
1989,pop_1,cat_2,30,2
1990,pop_1,cat_2,33,2
1991,pop_1,cat_2,23,1
1992,pop_1,cat_2,17,1
1993,pop_1,cat_2,16,1
1994,pop_1,cat_2,15,2
1995,pop_1,cat_2,18,1
1996,pop_1,cat_2,14,3
1997,pop_1,cat_2,15,1
1998,pop_1,cat_2,14,2
1999,pop_1,cat_2,13,2
2000,pop_1,cat_2,16,0
2001,pop_1,cat_2,13,1
2002,pop_1,cat_2,13,0
2003,pop_1,cat_2,13,2
2004,pop_1,cat_2,11,2
2005,pop_1,cat_2,13,0
2006,pop_1,cat_2,13,0
2007,pop_1,cat_2,17,0
2008,pop_1,cat_2,22,0
2009,pop_1,cat_2,18,0
2010,pop_1,cat_2,24,2
2011,pop_1,cat_2,24,1
2012,pop_1,cat_2,20,2
2013,pop_1,cat_2,18,3
2014,pop_1,cat_2,17,2
2015,pop_1,cat_2,14,1
2016,pop_1,cat_2,18,2
2017,pop_1,cat_2,15,1
2018,pop_1,cat_2,21,1
2019,pop_1,cat_2,22,2
2020,pop_1,cat_2,21,2
1982,pop_2,cat_2,738,15
1983,pop_2,cat_2,715,16
1984,pop_2,cat_2,714,18
1985,pop_2,cat_2,710,24
1986,pop_2,cat_2,752,22
1987,pop_2,cat_2,752,22
1988,pop_2,cat_2,779,25
1989,pop_2,cat_2,762,23
1990,pop_2,cat_2,849,21
1991,pop_2,cat_2,844,25
1992,pop_2,cat_2,837,28
1993,pop_2,cat_2,799,43
1994,pop_2,cat_2,814,33
1995,pop_2,cat_2,791,36
1996,pop_2,cat_2,794,33
1997,pop_2,cat_2,780,41
1998,pop_2,cat_2,766,35
1999,pop_2,cat_2,752,27
2000,pop_2,cat_2,708,30
2001,pop_2,cat_2,677,22
2002,pop_2,cat_2,662,18
2003,pop_2,cat_2,677,29
2004,pop_2,cat_2,657,27
2005,pop_2,cat_2,681,26
2006,pop_2,cat_2,714,31
2007,pop_2,cat_2,736,20
2008,pop_2,cat_2,723,20
2009,pop_2,cat_2,763,28
2010,pop_2,cat_2,804,33
2011,pop_2,cat_2,774,35
2012,pop_2,cat_2,759,32
2013,pop_2,cat_2,722,47
2014,pop_2,cat_2,711,38
2015,pop_2,cat_2,693,39
2016,pop_2,cat_2,702,40
2017,pop_2,cat_2,693,36
2018,pop_2,cat_2,694,26
2019,pop_2,cat_2,699,29
2020,pop_2,cat_2,706,27
1982,pop_3,cat_2,460,3
1983,pop_3,cat_2,447,6
1984,pop_3,cat_2,446,5
1985,pop_3,cat_2,424,5
1986,pop_3,cat_2,429,7
1987,pop_3,cat_2,411,7
1988,pop_3,cat_2,414,3
1989,pop_3,cat_2,415,4
1990,pop_3,cat_2,417,5
1991,pop_3,cat_2,385,4
1992,pop_3,cat_2,394,6
1993,pop_3,cat_2,383,5
1994,pop_3,cat_2,396,5
1995,pop_3,cat_2,374,7
1996,pop_3,cat_2,384,9
1997,pop_3,cat_2,396,10
1998,pop_3,cat_2,398,10
1999,pop_3,cat_2,418,10
2000,pop_3,cat_2,417,10
2001,pop_3,cat_2,411,10
2002,pop_3,cat_2,419,9
2003,pop_3,cat_2,419,9
2004,pop_3,cat_2,418,14
2005,pop_3,cat_2,416,8
2006,pop_3,cat_2,425,14
2007,pop_3,cat_2,427,14
2008,pop_3,cat_2,421,15
2009,pop_3,cat_2,417,16
2010,pop_3,cat_2,447,16
2011,pop_3,cat_2,443,17
2012,pop_3,cat_2,459,14
2013,pop_3,cat_2,439,18
2014,pop_3,cat_2,470,21
2015,pop_3,cat_2,485,22
2016,pop_3,cat_2,507,21
2017,pop_3,cat_2,502,23
2018,pop_3,cat_2,530,20
2019,pop_3,cat_2,579,17
2020,pop_3,cat_2,552,19
1982,pop_4,cat_2,35,2
1983,pop_4,cat_2,31,2
1984,pop_4,cat_2,38,2
1985,pop_4,cat_2,34,1
1986,pop_4,cat_2,38,1
1987,pop_4,cat_2,33,1
1988,pop_4,cat_2,34,1
1989,pop_4,cat_2,28,1
1990,pop_4,cat_2,30,1
1991,pop_4,cat_2,31,0
1992,pop_4,cat_2,26,1
1993,pop_4,cat_2,25,0
1994,pop_4,cat_2,24,1
1995,pop_4,cat_2,18,1
1996,pop_4,cat_2,17,1
1997,pop_4,cat_2,16,1
1998,pop_4,cat_2,17,1
1999,pop_4,cat_2,15,1
2000,pop_4,cat_2,14,0
2001,pop_4,cat_2,15,1
2002,pop_4,cat_2,12,1
2003,pop_4,cat_2,11,0
2004,pop_4,cat_2,12,1
2005,pop_4,cat_2,8,1
2006,pop_4,cat_2,9,0
2007,pop_4,cat_2,9,0
2008,pop_4,cat_2,13,0
2009,pop_4,cat_2,11,0
2010,pop_4,cat_2,9,0
2011,pop_4,cat_2,12,0
2012,pop_4,cat_2,12,1
2013,pop_4,cat_2,11,1
2014,pop_4,cat_2,9,1
2015,pop_4,cat_2,8,0
2016,pop_4,cat_2,10,1
2017,pop_4,cat_2,9,0
2018,pop_4,cat_2,8,0
2019,pop_4,cat_2,9,1
2020,pop_4,cat_2,11,0
1982,pop_5,cat_2,401,9
1983,pop_5,cat_2,420,8
1984,pop_5,cat_2,406,13
1985,pop_5,cat_2,390,13
1986,pop_5,cat_2,411,12
1987,pop_5,cat_2,393,15
1988,pop_5,cat_2,379,13
1989,pop_5,cat_2,375,16
1990,pop_5,cat_2,412,17
1991,pop_5,cat_2,404,11
1992,pop_5,cat_2,395,17
1993,pop_5,cat_2,377,23
1994,pop_5,cat_2,377,16
1995,pop_5,cat_2,393,17
1996,pop_5,cat_2,351,19
1997,pop_5,cat_2,343,15
1998,pop_5,cat_2,329,16
1999,pop_5,cat_2,302,20
2000,pop_5,cat_2,298,16
2001,pop_5,cat_2,272,14
2002,pop_5,cat_2,266,13
2003,pop_5,cat_2,270,19
2004,pop_5,cat_2,257,19
2005,pop_5,cat_2,268,14
2006,pop_5,cat_2,288,14
2007,pop_5,cat_2,290,15
2008,pop_5,cat_2,293,15
2009,pop_5,cat_2,301,16
2010,pop_5,cat_2,312,14
2011,pop_5,cat_2,298,13
2012,pop_5,cat_2,286,16
2013,pop_5,cat_2,290,21
2014,pop_5,cat_2,284,20
2015,pop_5,cat_2,280,18
2016,pop_5,cat_2,295,16
2017,pop_5,cat_2,305,17
2018,pop_5,cat_2,290,17
2019,pop_5,cat_2,291,14
2020,pop_5,cat_2,290,9
1982,pop_6,cat_2,229,3
1983,pop_6,cat_2,235,3
1984,pop_6,cat_2,252,5
1985,pop_6,cat_2,229,3
1986,pop_6,cat_2,221,3
1987,pop_6,cat_2,213,5
1988,pop_6,cat_2,218,4
1989,pop_6,cat_2,216,6
1990,pop_6,cat_2,208,6
1991,pop_6,cat_2,193,4
1992,pop_6,cat_2,194,5
1993,pop_6,cat_2,174,4
1994,pop_6,cat_2,183,4
1995,pop_6,cat_2,177,4
1996,pop_6,cat_2,165,3
1997,pop_6,cat_2,168,5
1998,pop_6,cat_2,172,4
1999,pop_6,cat_2,185,3
2000,pop_6,cat_2,163,3
2001,pop_6,cat_2,167,3
2002,pop_6,cat_2,164,5
2003,pop_6,cat_2,197,4
2004,pop_6,cat_2,177,5
2005,pop_6,cat_2,180,7
2006,pop_6,cat_2,191,9
2007,pop_6,cat_2,182,6
2008,pop_6,cat_2,173,7
2009,pop_6,cat_2,147,8
2010,pop_6,cat_2,165,7
2011,pop_6,cat_2,174,9
2012,pop_6,cat_2,171,8
2013,pop_6,cat_2,166,8
2014,pop_6,cat_2,195,8
2015,pop_6,cat_2,207,7
2016,pop_6,cat_2,201,9
2017,pop_6,cat_2,207,9
2018,pop_6,cat_2,199,8
2019,pop_6,cat_2,220,12
2020,pop_6,cat_2,255,12
1982,pop_1,cat_3,8,2
1983,pop_1,cat_3,6,1
1984,pop_1,cat_3,3,2
1985,pop_1,cat_3,2,1
1986,pop_1,cat_3,12,2
1987,pop_1,cat_3,5,4
1988,pop_1,cat_3,6,1
1989,pop_1,cat_3,8,1
1990,pop_1,cat_3,8,1
1991,pop_1,cat_3,9,3
1992,pop_1,cat_3,11,1
1993,pop_1,cat_3,17,3
1994,pop_1,cat_3,13,4
1995,pop_1,cat_3,18,1
1996,pop_1,cat_3,6,3
1997,pop_1,cat_3,15,2
1998,pop_1,cat_3,17,2
1999,pop_1,cat_3,15,1
2000,pop_1,cat_3,23,1
2001,pop_1,cat_3,28,2
2002,pop_1,cat_3,35,3
2003,pop_1,cat_3,40,3
2004,pop_1,cat_3,44,2
2005,pop_1,cat_3,50,3
2006,pop_1,cat_3,54,1
2007,pop_1,cat_3,55,1
2008,pop_1,cat_3,49,3
2009,pop_1,cat_3,48,3
2010,pop_1,cat_3,54,3
2011,pop_1,cat_3,57,2
2012,pop_1,cat_3,58,2
2013,pop_1,cat_3,58,1
2014,pop_1,cat_3,56,3
2015,pop_1,cat_3,67,5
2016,pop_1,cat_3,55,2
2017,pop_1,cat_3,66,3
2018,pop_1,cat_3,80,3
2019,pop_1,cat_3,78,1
2020,pop_1,cat_3,85,5
1982,pop_2,cat_3,1035,17
1983,pop_2,cat_3,1097,21
1984,pop_2,cat_3,1137,21
1985,pop_2,cat_3,1128,27
1986,pop_2,cat_3,1172,25
1987,pop_2,cat_3,1221,23
1988,pop_2,cat_3,1305,26
1989,pop_2,cat_3,1277,26
1990,pop_2,cat_3,1365,26
1991,pop_2,cat_3,1410,29
1992,pop_2,cat_3,1483,41
1993,pop_2,cat_3,1481,65
1994,pop_2,cat_3,1528,74
1995,pop_2,cat_3,1518,65
1996,pop_2,cat_3,1487,55
1997,pop_2,cat_3,1488,61
1998,pop_2,cat_3,1479,51
1999,pop_2,cat_3,1503,51
2000,pop_2,cat_3,1520,44
2001,pop_2,cat_3,1590,42
2002,pop_2,cat_3,1582,59
2003,pop_2,cat_3,1618,64
2004,pop_2,cat_3,1640,68
2005,pop_2,cat_3,1666,77
2006,pop_2,cat_3,1716,62
2007,pop_2,cat_3,1739,52
2008,pop_2,cat_3,1712,45
2009,pop_2,cat_3,1712,62
2010,pop_2,cat_3,1810,61
2011,pop_2,cat_3,1855,66
2012,pop_2,cat_3,1817,60
2013,pop_2,cat_3,1749,67
2014,pop_2,cat_3,1735,76
2015,pop_2,cat_3,1775,74
2016,pop_2,cat_3,1794,60
2017,pop_2,cat_3,1816,50
2018,pop_2,cat_3,1819,60
2019,pop_2,cat_3,1905,72
2020,pop_2,cat_3,1946,77
1982,pop_3,cat_3,363,10
1983,pop_3,cat_3,378,7
1984,pop_3,cat_3,362,5
1985,pop_3,cat_3,355,7
1986,pop_3,cat_3,369,10
1987,pop_3,cat_3,358,9
1988,pop_3,cat_3,378,9
1989,pop_3,cat_3,382,8
1990,pop_3,cat_3,397,9
1991,pop_3,cat_3,407,13
1992,pop_3,cat_3,419,13
1993,pop_3,cat_3,417,15
1994,pop_3,cat_3,435,17
1995,pop_3,cat_3,460,22
1996,pop_3,cat_3,506,21
1997,pop_3,cat_3,531,22
1998,pop_3,cat_3,549,25
1999,pop_3,cat_3,582,22
2000,pop_3,cat_3,640,21
2001,pop_3,cat_3,664,19
2002,pop_3,cat_3,709,22
2003,pop_3,cat_3,732,20
2004,pop_3,cat_3,732,28
2005,pop_3,cat_3,762,31
2006,pop_3,cat_3,739,36
2007,pop_3,cat_3,774,26
2008,pop_3,cat_3,813,25
2009,pop_3,cat_3,816,29
2010,pop_3,cat_3,807,31
2011,pop_3,cat_3,859,33
2012,pop_3,cat_3,923,36
2013,pop_3,cat_3,918,45
2014,pop_3,cat_3,880,42
2015,pop_3,cat_3,932,43
2016,pop_3,cat_3,956,36
2017,pop_3,cat_3,972,42
2018,pop_3,cat_3,1006,44
2019,pop_3,cat_3,1040,42
2020,pop_3,cat_3,1126,37
1982,pop_4,cat_3,6,2
1983,pop_4,cat_3,8,0
1984,pop_4,cat_3,7,1
1985,pop_4,cat_3,7,0
1986,pop_4,cat_3,14,1
1987,pop_4,cat_3,13,0
1988,pop_4,cat_3,13,2
1989,pop_4,cat_3,18,3
1990,pop_4,cat_3,21,1
1991,pop_4,cat_3,18,2
1992,pop_4,cat_3,20,2
1993,pop_4,cat_3,24,3
1994,pop_4,cat_3,16,4
1995,pop_4,cat_3,21,3
1996,pop_4,cat_3,17,1
1997,pop_4,cat_3,22,2
1998,pop_4,cat_3,23,2
1999,pop_4,cat_3,22,2
2000,pop_4,cat_3,23,1
2001,pop_4,cat_3,30,1
2002,pop_4,cat_3,29,2
2003,pop_4,cat_3,39,1
2004,pop_4,cat_3,36,2
2005,pop_4,cat_3,41,1
2006,pop_4,cat_3,44,2
2007,pop_4,cat_3,43,1
2008,pop_4,cat_3,56,3
2009,pop_4,cat_3,53,2
2010,pop_4,cat_3,45,2
2011,pop_4,cat_3,49,1
2012,pop_4,cat_3,46,2
2013,pop_4,cat_3,43,2
2014,pop_4,cat_3,42,2
2015,pop_4,cat_3,44,1
2016,pop_4,cat_3,46,2
2017,pop_4,cat_3,51,1
2018,pop_4,cat_3,51,2
2019,pop_4,cat_3,65,1
2020,pop_4,cat_3,73,3
1982,pop_5,cat_3,265,21
1983,pop_5,cat_3,298,21
1984,pop_5,cat_3,320,25
1985,pop_5,cat_3,331,27
1986,pop_5,cat_3,391,30
1987,pop_5,cat_3,417,34
1988,pop_5,cat_3,448,37
1989,pop_5,cat_3,450,35
1990,pop_5,cat_3,513,38
1991,pop_5,cat_3,578,45
1992,pop_5,cat_3,627,47
1993,pop_5,cat_3,637,60
1994,pop_5,cat_3,666,63
1995,pop_5,cat_3,702,59
1996,pop_5,cat_3,719,64
1997,pop_5,cat_3,692,71
1998,pop_5,cat_3,710,62
1999,pop_5,cat_3,725,64
2000,pop_5,cat_3,758,54
2001,pop_5,cat_3,804,49
2002,pop_5,cat_3,886,54
2003,pop_5,cat_3,936,51
2004,pop_5,cat_3,967,55
2005,pop_5,cat_3,1030,49
2006,pop_5,cat_3,1065,41
2007,pop_5,cat_3,1094,37
2008,pop_5,cat_3,1153,41
2009,pop_5,cat_3,1191,45
2010,pop_5,cat_3,1199,56
2011,pop_5,cat_3,1271,54
2012,pop_5,cat_3,1311,55
2013,pop_5,cat_3,1249,53
2014,pop_5,cat_3,1236,57
2015,pop_5,cat_3,1280,50
2016,pop_5,cat_3,1307,54
2017,pop_5,cat_3,1321,48
2018,pop_5,cat_3,1382,49
2019,pop_5,cat_3,1475,54
2020,pop_5,cat_3,1562,66
1982,pop_6,cat_3,101,2
1983,pop_6,cat_3,100,4
1984,pop_6,cat_3,98,3
1985,pop_6,cat_3,92,5
1986,pop_6,cat_3,94,4
1987,pop_6,cat_3,95,5
1988,pop_6,cat_3,107,4
1989,pop_6,cat_3,116,5
1990,pop_6,cat_3,136,5
1991,pop_6,cat_3,136,5
1992,pop_6,cat_3,145,8
1993,pop_6,cat_3,147,8
1994,pop_6,cat_3,161,7
1995,pop_6,cat_3,170,10
1996,pop_6,cat_3,198,9
1997,pop_6,cat_3,208,10
1998,pop_6,cat_3,243,11
1999,pop_6,cat_3,270,13
2000,pop_6,cat_3,295,11
2001,pop_6,cat_3,306,9
2002,pop_6,cat_3,330,8
2003,pop_6,cat_3,327,11
2004,pop_6,cat_3,363,10
2005,pop_6,cat_3,383,13
2006,pop_6,cat_3,384,13
2007,pop_6,cat_3,394,10
2008,pop_6,cat_3,432,7
2009,pop_6,cat_3,436,16
2010,pop_6,cat_3,431,15
2011,pop_6,cat_3,468,14
2012,pop_6,cat_3,512,16
2013,pop_6,cat_3,519,21
2014,pop_6,cat_3,523,25
2015,pop_6,cat_3,537,18
2016,pop_6,cat_3,564,19
2017,pop_6,cat_3,594,19
2018,pop_6,cat_3,619,19
2019,pop_6,cat_3,672,20
2020,pop_6,cat_3,706,26
1982,pop_1,cat_4,238,18
1983,pop_1,cat_4,232,20
1984,pop_1,cat_4,224,22
1985,pop_1,cat_4,224,21
1986,pop_1,cat_4,222,22
1987,pop_1,cat_4,225,19
1988,pop_1,cat_4,216,19
1989,pop_1,cat_4,221,18
1990,pop_1,cat_4,203,12
1991,pop_1,cat_4,200,14
1992,pop_1,cat_4,202,15
1993,pop_1,cat_4,194,18
1994,pop_1,cat_4,156,23
1995,pop_1,cat_4,150,18
1996,pop_1,cat_4,150,19
1997,pop_1,cat_4,136,17
1998,pop_1,cat_4,137,18
1999,pop_1,cat_4,172,12
2000,pop_1,cat_4,194,14
2001,pop_1,cat_4,202,14
2002,pop_1,cat_4,216,17
2003,pop_1,cat_4,213,15
2004,pop_1,cat_4,208,19
2005,pop_1,cat_4,197,14
2006,pop_1,cat_4,188,14
2007,pop_1,cat_4,190,13
2008,pop_1,cat_4,223,16
2009,pop_1,cat_4,213,22
2010,pop_1,cat_4,227,20
2011,pop_1,cat_4,218,16
2012,pop_1,cat_4,223,17
2013,pop_1,cat_4,233,20
2014,pop_1,cat_4,220,24
2015,pop_1,cat_4,232,25
2016,pop_1,cat_4,223,21
2017,pop_1,cat_4,233,18
2018,pop_1,cat_4,249,24
2019,pop_1,cat_4,252,21
2020,pop_1,cat_4,249,23
1982,pop_2,cat_4,1941,58
1983,pop_2,cat_4,2026,59
1984,pop_2,cat_4,2059,72
1985,pop_2,cat_4,2095,82
1986,pop_2,cat_4,2124,88
1987,pop_2,cat_4,2104,93
1988,pop_2,cat_4,2094,80
1989,pop_2,cat_4,2143,78
1990,pop_2,cat_4,2120,75
1991,pop_2,cat_4,2181,78
1992,pop_2,cat_4,2145,96
1993,pop_2,cat_4,2190,131
1994,pop_2,cat_4,2195,154
1995,pop_2,cat_4,2227,150
1996,pop_2,cat_4,2210,143
1997,pop_2,cat_4,2182,152
1998,pop_2,cat_4,2171,152
1999,pop_2,cat_4,2164,125
2000,pop_2,cat_4,2157,120
2001,pop_2,cat_4,2151,97
2002,pop_2,cat_4,2193,116
2003,pop_2,cat_4,2136,99
2004,pop_2,cat_4,2139,117
2005,pop_2,cat_4,2103,101
2006,pop_2,cat_4,2083,96
2007,pop_2,cat_4,2072,100
2008,pop_2,cat_4,2190,83
2009,pop_2,cat_4,2207,117
2010,pop_2,cat_4,2125,114
2011,pop_2,cat_4,2132,114
2012,pop_2,cat_4,2103,128
2013,pop_2,cat_4,2155,130
2014,pop_2,cat_4,2203,138
2015,pop_2,cat_4,2108,144
2016,pop_2,cat_4,2133,128
2017,pop_2,cat_4,2154,99
2018,pop_2,cat_4,2155,115
2019,pop_2,cat_4,2116,108
2020,pop_2,cat_4,2079,109
1982,pop_3,cat_4,436,27
1983,pop_3,cat_4,427,22
1984,pop_3,cat_4,412,23
1985,pop_3,cat_4,428,28
1986,pop_3,cat_4,417,29
1987,pop_3,cat_4,411,27
1988,pop_3,cat_4,403,26
1989,pop_3,cat_4,410,22
1990,pop_3,cat_4,401,19
1991,pop_3,cat_4,393,20
1992,pop_3,cat_4,390,24
1993,pop_3,cat_4,422,32
1994,pop_3,cat_4,409,30
1995,pop_3,cat_4,421,26
1996,pop_3,cat_4,425,33
1997,pop_3,cat_4,455,31
1998,pop_3,cat_4,472,32
1999,pop_3,cat_4,476,33
2000,pop_3,cat_4,484,29
2001,pop_3,cat_4,537,22
2002,pop_3,cat_4,563,30
2003,pop_3,cat_4,602,32
2004,pop_3,cat_4,624,31
2005,pop_3,cat_4,630,29
2006,pop_3,cat_4,654,31
2007,pop_3,cat_4,694,32
2008,pop_3,cat_4,694,23
2009,pop_3,cat_4,685,33
2010,pop_3,cat_4,762,31
2011,pop_3,cat_4,789,33
2012,pop_3,cat_4,814,37
2013,pop_3,cat_4,851,43
2014,pop_3,cat_4,858,47
2015,pop_3,cat_4,855,54
2016,pop_3,cat_4,878,55
2017,pop_3,cat_4,872,45
2018,pop_3,cat_4,863,48
2019,pop_3,cat_4,873,45
2020,pop_3,cat_4,901,45
1982,pop_4,cat_4,247,16
1983,pop_4,cat_4,251,9
1984,pop_4,cat_4,242,14
1985,pop_4,cat_4,235,11
1986,pop_4,cat_4,248,11
1987,pop_4,cat_4,251,9
1988,pop_4,cat_4,216,11
1989,pop_4,cat_4,221,11
1990,pop_4,cat_4,214,10
1991,pop_4,cat_4,209,8
1992,pop_4,cat_4,213,15
1993,pop_4,cat_4,212,12
1994,pop_4,cat_4,180,17
1995,pop_4,cat_4,177,17
1996,pop_4,cat_4,171,12
1997,pop_4,cat_4,164,15
1998,pop_4,cat_4,186,12
1999,pop_4,cat_4,185,10
2000,pop_4,cat_4,226,6
2001,pop_4,cat_4,231,7
2002,pop_4,cat_4,225,12
2003,pop_4,cat_4,209,16
2004,pop_4,cat_4,223,17
2005,pop_4,cat_4,221,17
2006,pop_4,cat_4,227,17
2007,pop_4,cat_4,237,14
2008,pop_4,cat_4,236,15
2009,pop_4,cat_4,241,17
2010,pop_4,cat_4,238,16
2011,pop_4,cat_4,209,19
2012,pop_4,cat_4,228,19
2013,pop_4,cat_4,228,16
2014,pop_4,cat_4,232,19
2015,pop_4,cat_4,239,19
2016,pop_4,cat_4,246,20
2017,pop_4,cat_4,256,15
2018,pop_4,cat_4,287,17
2019,pop_4,cat_4,288,21
2020,pop_4,cat_4,290,25
1982,pop_5,cat_4,1342,43
1983,pop_5,cat_4,1400,49
1984,pop_5,cat_4,1473,55
1985,pop_5,cat_4,1497,54
1986,pop_5,cat_4,1526,71
1987,pop_5,cat_4,1569,72
1988,pop_5,cat_4,1636,66
1989,pop_5,cat_4,1659,67
1990,pop_5,cat_4,1637,63
1991,pop_5,cat_4,1722,81
1992,pop_5,cat_4,1769,87
1993,pop_5,cat_4,1873,101
1994,pop_5,cat_4,1855,122
1995,pop_5,cat_4,1890,110
1996,pop_5,cat_4,1896,125
1997,pop_5,cat_4,1908,129
1998,pop_5,cat_4,1911,119
1999,pop_5,cat_4,1945,120
2000,pop_5,cat_4,1982,97
2001,pop_5,cat_4,2034,102
2002,pop_5,cat_4,2037,106
2003,pop_5,cat_4,2029,111
2004,pop_5,cat_4,2054,124
2005,pop_5,cat_4,2070,125
2006,pop_5,cat_4,2106,117
2007,pop_5,cat_4,2150,103
2008,pop_5,cat_4,2234,102
2009,pop_5,cat_4,2243,133
2010,pop_5,cat_4,2268,113
2011,pop_5,cat_4,2271,127
2012,pop_5,cat_4,2297,128
2013,pop_5,cat_4,2328,136
2014,pop_5,cat_4,2384,150
2015,pop_5,cat_4,2441,143
2016,pop_5,cat_4,2485,121
2017,pop_5,cat_4,2453,126
2018,pop_5,cat_4,2470,132
2019,pop_5,cat_4,2481,118
2020,pop_5,cat_4,2504,117
1982,pop_6,cat_4,242,9
1983,pop_6,cat_4,242,9
1984,pop_6,cat_4,235,9
1985,pop_6,cat_4,242,7
1986,pop_6,cat_4,250,9
1987,pop_6,cat_4,261,12
1988,pop_6,cat_4,258,11
1989,pop_6,cat_4,269,7
1990,pop_6,cat_4,258,8
1991,pop_6,cat_4,267,9
1992,pop_6,cat_4,258,11
1993,pop_6,cat_4,279,10
1994,pop_6,cat_4,300,13
1995,pop_6,cat_4,304,13
1996,pop_6,cat_4,320,16
1997,pop_6,cat_4,355,12
1998,pop_6,cat_4,386,15
1999,pop_6,cat_4,401,19
2000,pop_6,cat_4,433,16
2001,pop_6,cat_4,451,14
2002,pop_6,cat_4,493,18
2003,pop_6,cat_4,520,19
2004,pop_6,cat_4,555,24
2005,pop_6,cat_4,603,21
2006,pop_6,cat_4,611,24
2007,pop_6,cat_4,627,23
2008,pop_6,cat_4,654,17
2009,pop_6,cat_4,683,23
2010,pop_6,cat_4,721,27
2011,pop_6,cat_4,746,25
2012,pop_6,cat_4,773,31
2013,pop_6,cat_4,842,33
2014,pop_6,cat_4,839,35
2015,pop_6,cat_4,846,40
2016,pop_6,cat_4,890,42
2017,pop_6,cat_4,918,39
2018,pop_6,cat_4,947,40
2019,pop_6,cat_4,962,34
2020,pop_6,cat_4,1002,37
1982,pop_1,cat_6,452,61
1983,pop_1,cat_6,408,51
1984,pop_1,cat_6,365,64
1985,pop_1,cat_6,354,79
1986,pop_1,cat_6,352,75
1987,pop_1,cat_6,341,54
1988,pop_1,cat_6,315,61
1989,pop_1,cat_6,330,48
1990,pop_1,cat_6,330,40
1991,pop_1,cat_6,347,28
1992,pop_1,cat_6,322,36
1993,pop_1,cat_6,268,46
1994,pop_1,cat_6,244,42
1995,pop_1,cat_6,203,28
1996,pop_1,cat_6,208,40
1997,pop_1,cat_6,183,34
1998,pop_1,cat_6,196,29
1999,pop_1,cat_6,214,27
2000,pop_1,cat_6,245,21
2001,pop_1,cat_6,276,17
2002,pop_1,cat_6,285,31
2003,pop_1,cat_6,361,36
2004,pop_1,cat_6,330,40
2005,pop_1,cat_6,335,39
2006,pop_1,cat_6,383,45
2007,pop_1,cat_6,368,41
2008,pop_1,cat_6,346,39
2009,pop_1,cat_6,334,56
2010,pop_1,cat_6,319,49
2011,pop_1,cat_6,320,47
2012,pop_1,cat_6,299,54
2013,pop_1,cat_6,300,51
2014,pop_1,cat_6,311,44
2015,pop_1,cat_6,276,49
2016,pop_1,cat_6,277,51
2017,pop_1,cat_6,281,47
2018,pop_1,cat_6,303,44
2019,pop_1,cat_6,304,40
2020,pop_1,cat_6,271,36
1982,pop_2,cat_6,2331,114
1983,pop_2,cat_6,2329,117
1984,pop_2,cat_6,2256,162
1985,pop_2,cat_6,2294,189
1986,pop_2,cat_6,2285,211
1987,pop_2,cat_6,2309,207
1988,pop_2,cat_6,2314,216
1989,pop_2,cat_6,2370,195
1990,pop_2,cat_6,2447,149
1991,pop_2,cat_6,2557,158
1992,pop_2,cat_6,2537,177
1993,pop_2,cat_6,2517,226
1994,pop_2,cat_6,2533,273
1995,pop_2,cat_6,2597,230
1996,pop_2,cat_6,2656,269
1997,pop_2,cat_6,2647,270
1998,pop_2,cat_6,2624,226
1999,pop_2,cat_6,2607,224
2000,pop_2,cat_6,2683,179
2001,pop_2,cat_6,2630,166
2002,pop_2,cat_6,2565,157
2003,pop_2,cat_6,2479,171
2004,pop_2,cat_6,2452,177
2005,pop_2,cat_6,2383,188
2006,pop_2,cat_6,2388,185
2007,pop_2,cat_6,2444,187
2008,pop_2,cat_6,2449,174
2009,pop_2,cat_6,2274,214
2010,pop_2,cat_6,2143,227
2011,pop_2,cat_6,2108,216
2012,pop_2,cat_6,2084,245
2013,pop_2,cat_6,2049,261
2014,pop_2,cat_6,2012,280
2015,pop_2,cat_6,1994,263
2016,pop_2,cat_6,1957,252
2017,pop_2,cat_6,1980,224
2018,pop_2,cat_6,1944,193
2019,pop_2,cat_6,1839,169
2020,pop_2,cat_6,1839,171
1982,pop_3,cat_6,553,30
1983,pop_3,cat_6,490,36
1984,pop_3,cat_6,465,41
1985,pop_3,cat_6,489,53
1986,pop_3,cat_6,492,55
1987,pop_3,cat_6,463,58
1988,pop_3,cat_6,468,55
1989,pop_3,cat_6,474,49
1990,pop_3,cat_6,488,34
1991,pop_3,cat_6,497,36
1992,pop_3,cat_6,457,37
1993,pop_3,cat_6,447,42
1994,pop_3,cat_6,451,44
1995,pop_3,cat_6,464,39
1996,pop_3,cat_6,477,45
1997,pop_3,cat_6,482,43
1998,pop_3,cat_6,519,47
1999,pop_3,cat_6,553,48
2000,pop_3,cat_6,589,38
2001,pop_3,cat_6,614,36
2002,pop_3,cat_6,655,45
2003,pop_3,cat_6,660,47
2004,pop_3,cat_6,680,49
2005,pop_3,cat_6,686,53
2006,pop_3,cat_6,680,49
2007,pop_3,cat_6,706,42
2008,pop_3,cat_6,724,50
2009,pop_3,cat_6,765,58
2010,pop_3,cat_6,760,68
2011,pop_3,cat_6,782,69
2012,pop_3,cat_6,798,87
2013,pop_3,cat_6,786,92
2014,pop_3,cat_6,830,96
2015,pop_3,cat_6,855,99
2016,pop_3,cat_6,852,104
2017,pop_3,cat_6,881,89
2018,pop_3,cat_6,905,86
2019,pop_3,cat_6,882,93
2020,pop_3,cat_6,866,70
1982,pop_4,cat_6,57,12
1983,pop_4,cat_6,54,13
1984,pop_4,cat_6,41,11
1985,pop_4,cat_6,37,12
1986,pop_4,cat_6,34,14
1987,pop_4,cat_6,35,10
1988,pop_4,cat_6,41,12
1989,pop_4,cat_6,32,9
1990,pop_4,cat_6,37,8
1991,pop_4,cat_6,33,7
1992,pop_4,cat_6,42,7
1993,pop_4,cat_6,29,10
1994,pop_4,cat_6,28,10
1995,pop_4,cat_6,32,11
1996,pop_4,cat_6,30,9
1997,pop_4,cat_6,28,7
1998,pop_4,cat_6,32,10
1999,pop_4,cat_6,32,9
2000,pop_4,cat_6,32,10
2001,pop_4,cat_6,39,7
2002,pop_4,cat_6,36,8
2003,pop_4,cat_6,46,4
2004,pop_4,cat_6,32,8
2005,pop_4,cat_6,30,7
2006,pop_4,cat_6,23,6
2007,pop_4,cat_6,32,6
2008,pop_4,cat_6,40,8
2009,pop_4,cat_6,41,7
2010,pop_4,cat_6,35,10
2011,pop_4,cat_6,39,9
2012,pop_4,cat_6,35,7
2013,pop_4,cat_6,31,8
2014,pop_4,cat_6,33,6
2015,pop_4,cat_6,35,6
2016,pop_4,cat_6,39,8
2017,pop_4,cat_6,45,6
2018,pop_4,cat_6,38,6
2019,pop_4,cat_6,36,8
2020,pop_4,cat_6,42,6
1982,pop_5,cat_6,222,23
1983,pop_5,cat_6,202,21
1984,pop_5,cat_6,207,24
1985,pop_5,cat_6,208,28
1986,pop_5,cat_6,215,26
1987,pop_5,cat_6,200,34
1988,pop_5,cat_6,212,37
1989,pop_5,cat_6,235,30
1990,pop_5,cat_6,272,29
1991,pop_5,cat_6,298,33
1992,pop_5,cat_6,292,37
1993,pop_5,cat_6,283,40
1994,pop_5,cat_6,312,50
1995,pop_5,cat_6,323,43
1996,pop_5,cat_6,327,51
1997,pop_5,cat_6,326,57
1998,pop_5,cat_6,335,54
1999,pop_5,cat_6,331,53
2000,pop_5,cat_6,331,46
2001,pop_5,cat_6,359,44
2002,pop_5,cat_6,320,37
2003,pop_5,cat_6,290,45
2004,pop_5,cat_6,319,39
2005,pop_5,cat_6,288,39
2006,pop_5,cat_6,302,38
2007,pop_5,cat_6,312,35
2008,pop_5,cat_6,300,31
2009,pop_5,cat_6,267,37
2010,pop_5,cat_6,272,31
2011,pop_5,cat_6,263,34
2012,pop_5,cat_6,260,34
2013,pop_5,cat_6,276,47
2014,pop_5,cat_6,258,38
2015,pop_5,cat_6,255,39
2016,pop_5,cat_6,260,38
2017,pop_5,cat_6,268,41
2018,pop_5,cat_6,268,38
2019,pop_5,cat_6,275,34
2020,pop_5,cat_6,256,41
1982,pop_6,cat_6,73,7
1983,pop_6,cat_6,56,9
1984,pop_6,cat_6,53,8
1985,pop_6,cat_6,54,7
1986,pop_6,cat_6,47,11
1987,pop_6,cat_6,54,11
1988,pop_6,cat_6,54,11
1989,pop_6,cat_6,52,10
1990,pop_6,cat_6,60,9
1991,pop_6,cat_6,63,10
1992,pop_6,cat_6,61,9
1993,pop_6,cat_6,55,10
1994,pop_6,cat_6,62,9
1995,pop_6,cat_6,67,9
1996,pop_6,cat_6,82,8
1997,pop_6,cat_6,62,11
1998,pop_6,cat_6,65,12
1999,pop_6,cat_6,76,10
2000,pop_6,cat_6,74,12
2001,pop_6,cat_6,84,12
2002,pop_6,cat_6,89,11
2003,pop_6,cat_6,92,8
2004,pop_6,cat_6,100,14
2005,pop_6,cat_6,104,9
2006,pop_6,cat_6,101,11
2007,pop_6,cat_6,100,12
2008,pop_6,cat_6,99,12
2009,pop_6,cat_6,108,14
2010,pop_6,cat_6,116,13
2011,pop_6,cat_6,123,15
2012,pop_6,cat_6,125,15
2013,pop_6,cat_6,127,14
2014,pop_6,cat_6,134,16
2015,pop_6,cat_6,147,17
2016,pop_6,cat_6,144,18
2017,pop_6,cat_6,143,17
2018,pop_6,cat_6,141,14
2019,pop_6,cat_6,144,16
2020,pop_6,cat_6,152,10
1982,pop_1,cat_7,718,57
1983,pop_1,cat_7,738,71
1984,pop_1,cat_7,661,82
1985,pop_1,cat_7,657,71
1986,pop_1,cat_7,639,74
1987,pop_1,cat_7,655,79
1988,pop_1,cat_7,616,66
1989,pop_1,cat_7,630,60
1990,pop_1,cat_7,589,62
1991,pop_1,cat_7,475,71
1992,pop_1,cat_7,452,61
1993,pop_1,cat_7,388,66
1994,pop_1,cat_7,370,56
1995,pop_1,cat_7,408,50
1996,pop_1,cat_7,404,51
1997,pop_1,cat_7,393,59
1998,pop_1,cat_7,408,50
1999,pop_1,cat_7,413,63
2000,pop_1,cat_7,444,50
2001,pop_1,cat_7,469,61
2002,pop_1,cat_7,451,59
2003,pop_1,cat_7,395,68
2004,pop_1,cat_7,422,76
2005,pop_1,cat_7,433,83
2006,pop_1,cat_7,396,79
2007,pop_1,cat_7,407,72
2008,pop_1,cat_7,386,73
2009,pop_1,cat_7,346,108
2010,pop_1,cat_7,359,86
2011,pop_1,cat_7,340,75
2012,pop_1,cat_7,307,83
2013,pop_1,cat_7,285,77
2014,pop_1,cat_7,254,70
2015,pop_1,cat_7,282,79
2016,pop_1,cat_7,309,74
2017,pop_1,cat_7,306,64
2018,pop_1,cat_7,294,61
2019,pop_1,cat_7,275,63
2020,pop_1,cat_7,276,57
1982,pop_2,cat_7,1130,89
1983,pop_2,cat_7,1068,97
1984,pop_2,cat_7,1051,112
1985,pop_2,cat_7,1042,121
1986,pop_2,cat_7,974,111
1987,pop_2,cat_7,987,133
1988,pop_2,cat_7,963,121
1989,pop_2,cat_7,1009,115
1990,pop_2,cat_7,941,137
1991,pop_2,cat_7,908,141
1992,pop_2,cat_7,947,160
1993,pop_2,cat_7,882,165
1994,pop_2,cat_7,823,172
1995,pop_2,cat_7,852,157
1996,pop_2,cat_7,849,179
1997,pop_2,cat_7,822,185
1998,pop_2,cat_7,852,172
1999,pop_2,cat_7,876,180
2000,pop_2,cat_7,942,154
2001,pop_2,cat_7,918,130
2002,pop_2,cat_7,875,137
2003,pop_2,cat_7,793,157
2004,pop_2,cat_7,813,156
2005,pop_2,cat_7,804,159
2006,pop_2,cat_7,789,167
2007,pop_2,cat_7,798,151
2008,pop_2,cat_7,793,139
2009,pop_2,cat_7,725,179
2010,pop_2,cat_7,749,186
2011,pop_2,cat_7,714,174
2012,pop_2,cat_7,721,196
2013,pop_2,cat_7,717,207
2014,pop_2,cat_7,693,185
2015,pop_2,cat_7,656,187
2016,pop_2,cat_7,670,178
2017,pop_2,cat_7,709,184
2018,pop_2,cat_7,685,165
2019,pop_2,cat_7,663,146
2020,pop_2,cat_7,608,123
1982,pop_3,cat_7,338,34
1983,pop_3,cat_7,326,34
1984,pop_3,cat_7,305,40
1985,pop_3,cat_7,285,35
1986,pop_3,cat_7,281,35
1987,pop_3,cat_7,263,34
1988,pop_3,cat_7,263,35
1989,pop_3,cat_7,251,30
1990,pop_3,cat_7,244,28
1991,pop_3,cat_7,213,26
1992,pop_3,cat_7,206,36
1993,pop_3,cat_7,185,26
1994,pop_3,cat_7,158,24
1995,pop_3,cat_7,155,27
1996,pop_3,cat_7,161,32
1997,pop_3,cat_7,172,38
1998,pop_3,cat_7,175,41
1999,pop_3,cat_7,170,40
2000,pop_3,cat_7,188,31
2001,pop_3,cat_7,208,30
2002,pop_3,cat_7,196,27
2003,pop_3,cat_7,173,32
2004,pop_3,cat_7,196,29
2005,pop_3,cat_7,203,25
2006,pop_3,cat_7,187,27
2007,pop_3,cat_7,191,30
2008,pop_3,cat_7,183,24
2009,pop_3,cat_7,211,34
2010,pop_3,cat_7,219,38
2011,pop_3,cat_7,209,38
2012,pop_3,cat_7,236,50
2013,pop_3,cat_7,260,51
2014,pop_3,cat_7,265,48
2015,pop_3,cat_7,265,59
2016,pop_3,cat_7,266,64
2017,pop_3,cat_7,293,53
2018,pop_3,cat_7,284,45
2019,pop_3,cat_7,292,48
2020,pop_3,cat_7,295,41
1982,pop_4,cat_7,313,46
1983,pop_4,cat_7,306,46
1984,pop_4,cat_7,270,50
1985,pop_4,cat_7,266,50
1986,pop_4,cat_7,235,38
1987,pop_4,cat_7,223,41
1988,pop_4,cat_7,210,36
1989,pop_4,cat_7,209,36
1990,pop_4,cat_7,199,38
1991,pop_4,cat_7,174,33
1992,pop_4,cat_7,154,31
1993,pop_4,cat_7,136,28
1994,pop_4,cat_7,120,19
1995,pop_4,cat_7,134,19
1996,pop_4,cat_7,119,26
1997,pop_4,cat_7,117,18
1998,pop_4,cat_7,132,22
1999,pop_4,cat_7,115,25
2000,pop_4,cat_7,131,23
2001,pop_4,cat_7,119,20
2002,pop_4,cat_7,109,19
2003,pop_4,cat_7,90,21
2004,pop_4,cat_7,87,24
2005,pop_4,cat_7,75,18
2006,pop_4,cat_7,73,26
2007,pop_4,cat_7,88,20
2008,pop_4,cat_7,75,19
2009,pop_4,cat_7,71,22
2010,pop_4,cat_7,66,23
2011,pop_4,cat_7,74,21
2012,pop_4,cat_7,65,22
2013,pop_4,cat_7,60,27
2014,pop_4,cat_7,56,19
2015,pop_4,cat_7,62,17
2016,pop_4,cat_7,58,22
2017,pop_4,cat_7,72,19
2018,pop_4,cat_7,73,18
2019,pop_4,cat_7,74,17
2020,pop_4,cat_7,65,17
1982,pop_5,cat_7,551,90
1983,pop_5,cat_7,555,86
1984,pop_5,cat_7,549,100
1985,pop_5,cat_7,599,130
1986,pop_5,cat_7,600,130
1987,pop_5,cat_7,578,149
1988,pop_5,cat_7,542,152
1989,pop_5,cat_7,565,152
1990,pop_5,cat_7,572,144
1991,pop_5,cat_7,565,131
1992,pop_5,cat_7,556,142
1993,pop_5,cat_7,511,127
1994,pop_5,cat_7,497,131
1995,pop_5,cat_7,472,128
1996,pop_5,cat_7,461,117
1997,pop_5,cat_7,471,116
1998,pop_5,cat_7,478,120
1999,pop_5,cat_7,490,122
2000,pop_5,cat_7,534,109
2001,pop_5,cat_7,534,105
2002,pop_5,cat_7,522,100
2003,pop_5,cat_7,483,110
2004,pop_5,cat_7,483,111
2005,pop_5,cat_7,474,108
2006,pop_5,cat_7,445,105
2007,pop_5,cat_7,429,90
2008,pop_5,cat_7,434,87
2009,pop_5,cat_7,395,99
2010,pop_5,cat_7,391,102
2011,pop_5,cat_7,402,95
2012,pop_5,cat_7,366,94
2013,pop_5,cat_7,347,103
2014,pop_5,cat_7,361,99
2015,pop_5,cat_7,353,95
2016,pop_5,cat_7,346,100
2017,pop_5,cat_7,342,88
2018,pop_5,cat_7,329,82
2019,pop_5,cat_7,324,82
2020,pop_5,cat_7,311,70
1982,pop_6,cat_7,183,27
1983,pop_6,cat_7,154,26
1984,pop_6,cat_7,145,26
1985,pop_6,cat_7,142,24
1986,pop_6,cat_7,143,21
1987,pop_6,cat_7,141,31
1988,pop_6,cat_7,122,30
1989,pop_6,cat_7,115,26
1990,pop_6,cat_7,136,21
1991,pop_6,cat_7,135,22
1992,pop_6,cat_7,120,22
1993,pop_6,cat_7,107,17
1994,pop_6,cat_7,111,16
1995,pop_6,cat_7,107,13
1996,pop_6,cat_7,95,16
1997,pop_6,cat_7,100,20
1998,pop_6,cat_7,110,19
1999,pop_6,cat_7,116,22
2000,pop_6,cat_7,120,21
2001,pop_6,cat_7,130,16
2002,pop_6,cat_7,129,18
2003,pop_6,cat_7,147,22
2004,pop_6,cat_7,150,21
2005,pop_6,cat_7,153,21
2006,pop_6,cat_7,167,23
2007,pop_6,cat_7,188,25
2008,pop_6,cat_7,172,20
2009,pop_6,cat_7,170,23
2010,pop_6,cat_7,174,22
2011,pop_6,cat_7,185,27
2012,pop_6,cat_7,196,26
2013,pop_6,cat_7,189,31
2014,pop_6,cat_7,194,31
2015,pop_6,cat_7,205,35
2016,pop_6,cat_7,219,34
2017,pop_6,cat_7,235,35
2018,pop_6,cat_7,220,35
2019,pop_6,cat_7,209,32
2020,pop_6,cat_7,205,25
1982,pop_1,cat_8,352,
1983,pop_1,cat_8,351,
1984,pop_1,cat_8,330,
1985,pop_1,cat_8,335,
1986,pop_1,cat_8,344,
1987,pop_1,cat_8,318,
1988,pop_1,cat_8,338,
1989,pop_1,cat_8,312,
1990,pop_1,cat_8,296,
1991,pop_1,cat_8,300,
1992,pop_1,cat_8,300,
1993,pop_1,cat_8,273,
1994,pop_1,cat_8,266,
1995,pop_1,cat_8,265,
1996,pop_1,cat_8,267,
1997,pop_1,cat_8,236,
1998,pop_1,cat_8,212,
1999,pop_1,cat_8,148,
2000,pop_1,cat_8,124,
2001,pop_1,cat_8,68,
2002,pop_1,cat_8,50,
2003,pop_1,cat_8,7,
2004,pop_1,cat_8,5,
2005,pop_1,cat_8,7,
2006,pop_1,cat_8,6,
2007,pop_1,cat_8,7,
2008,pop_1,cat_8,7,
2009,pop_1,cat_8,6,
2010,pop_1,cat_8,5,
2011,pop_1,cat_8,5,
2012,pop_1,cat_8,4,
2013,pop_1,cat_8,4,
2014,pop_1,cat_8,3,
2015,pop_1,cat_8,7,
2016,pop_1,cat_8,5,
2017,pop_1,cat_8,5,
2018,pop_1,cat_8,5,
2019,pop_1,cat_8,5,
2020,pop_1,cat_8,5,
1982,pop_2,cat_8,25,
1983,pop_2,cat_8,26,
1984,pop_2,cat_8,26,
1985,pop_2,cat_8,26,
1986,pop_2,cat_8,26,
1987,pop_2,cat_8,26,
1988,pop_2,cat_8,27,
1989,pop_2,cat_8,27,
1990,pop_2,cat_8,27,
1991,pop_2,cat_8,28,
1992,pop_2,cat_8,28,
1993,pop_2,cat_8,28,
1994,pop_2,cat_8,28,
1995,pop_2,cat_8,28,
1996,pop_2,cat_8,28,
1997,pop_2,cat_8,28,
1998,pop_2,cat_8,28,
1999,pop_2,cat_8,28,
2000,pop_2,cat_8,28,
2001,pop_2,cat_8,28,
2002,pop_2,cat_8,28,
2003,pop_2,cat_8,28,
2004,pop_2,cat_8,27,
2005,pop_2,cat_8,27,
2006,pop_2,cat_8,28,
2007,pop_2,cat_8,28,
2008,pop_2,cat_8,28,
2009,pop_2,cat_8,27,
2010,pop_2,cat_8,27,
2011,pop_2,cat_8,27,
2012,pop_2,cat_8,26,
2013,pop_2,cat_8,26,
2014,pop_2,cat_8,25,
2015,pop_2,cat_8,23,
2016,pop_2,cat_8,35,
2017,pop_2,cat_8,20,
2018,pop_2,cat_8,35,
2019,pop_2,cat_8,38,
2020,pop_2,cat_8,34,
1982,pop_3,cat_8,9,
1983,pop_3,cat_8,9,
1984,pop_3,cat_8,8,
1985,pop_3,cat_8,8,
1986,pop_3,cat_8,8,
1987,pop_3,cat_8,8,
1988,pop_3,cat_8,8,
1989,pop_3,cat_8,8,
1990,pop_3,cat_8,8,
1991,pop_3,cat_8,7,
1992,pop_3,cat_8,7,
1993,pop_3,cat_8,7,
1994,pop_3,cat_8,7,
1995,pop_3,cat_8,7,
1996,pop_3,cat_8,7,
1997,pop_3,cat_8,7,
1998,pop_3,cat_8,8,
1999,pop_3,cat_8,8,
2000,pop_3,cat_8,8,
2001,pop_3,cat_8,9,
2002,pop_3,cat_8,9,
2003,pop_3,cat_8,10,
2004,pop_3,cat_8,10,
2005,pop_3,cat_8,10,
2006,pop_3,cat_8,10,
2007,pop_3,cat_8,10,
2008,pop_3,cat_8,10,
2009,pop_3,cat_8,11,
2010,pop_3,cat_8,11,
2011,pop_3,cat_8,11,
2012,pop_3,cat_8,12,
2013,pop_3,cat_8,12,
2014,pop_3,cat_8,15,
2015,pop_3,cat_8,10,
2016,pop_3,cat_8,12,
2017,pop_3,cat_8,12,
2018,pop_3,cat_8,20,
2019,pop_3,cat_8,20,
2020,pop_3,cat_8,18,
1982,pop_4,cat_8,8,
1983,pop_4,cat_8,8,
1984,pop_4,cat_8,8,
1985,pop_4,cat_8,7,
1986,pop_4,cat_8,8,
1987,pop_4,cat_8,8,
1988,pop_4,cat_8,7,
1989,pop_4,cat_8,7,
1990,pop_4,cat_8,7,
1991,pop_4,cat_8,6,
1992,pop_4,cat_8,6,
1993,pop_4,cat_8,6,
1994,pop_4,cat_8,5,
1995,pop_4,cat_8,5,
1996,pop_4,cat_8,5,
1997,pop_4,cat_8,4,
1998,pop_4,cat_8,5,
1999,pop_4,cat_8,5,
2000,pop_4,cat_8,5,
2001,pop_4,cat_8,5,
2002,pop_4,cat_8,5,
2003,pop_4,cat_8,5,
2004,pop_4,cat_8,5,
2005,pop_4,cat_8,5,
2006,pop_4,cat_8,5,
2007,pop_4,cat_8,5,
2008,pop_4,cat_8,5,
2009,pop_4,cat_8,5,
2010,pop_4,cat_8,5,
2011,pop_4,cat_8,5,
2012,pop_4,cat_8,5,
2013,pop_4,cat_8,5,
2014,pop_4,cat_8,4,
2015,pop_4,cat_8,3,
2016,pop_4,cat_8,6,
2017,pop_4,cat_8,6,
2018,pop_4,cat_8,6,
2019,pop_4,cat_8,5,
2020,pop_4,cat_8,3,
1982,pop_5,cat_8,16,
1983,pop_5,cat_8,17,
1984,pop_5,cat_8,17,
1985,pop_5,cat_8,17,
1986,pop_5,cat_8,18,
1987,pop_5,cat_8,18,
1988,pop_5,cat_8,18,
1989,pop_5,cat_8,19,
1990,pop_5,cat_8,19,
1991,pop_5,cat_8,20,
1992,pop_5,cat_8,20,
1993,pop_5,cat_8,21,
1994,pop_5,cat_8,21,
1995,pop_5,cat_8,21,
1996,pop_5,cat_8,22,
1997,pop_5,cat_8,22,
1998,pop_5,cat_8,22,
1999,pop_5,cat_8,22,
2000,pop_5,cat_8,22,
2001,pop_5,cat_8,22,
2002,pop_5,cat_8,22,
2003,pop_5,cat_8,22,
2004,pop_5,cat_8,22,
2005,pop_5,cat_8,22,
2006,pop_5,cat_8,23,
2007,pop_5,cat_8,23,
2008,pop_5,cat_8,23,
2009,pop_5,cat_8,23,
2010,pop_5,cat_8,23,
2011,pop_5,cat_8,23,
2012,pop_5,cat_8,23,
2013,pop_5,cat_8,23,
2014,pop_5,cat_8,18,
2015,pop_5,cat_8,22,
2016,pop_5,cat_8,29,
2017,pop_5,cat_8,21,
2018,pop_5,cat_8,25,
2019,pop_5,cat_8,34,
2020,pop_5,cat_8,35,
1982,pop_6,cat_8,7,
1983,pop_6,cat_8,7,
1984,pop_6,cat_8,7,
1985,pop_6,cat_8,7,
1986,pop_6,cat_8,7,
1987,pop_6,cat_8,7,
1988,pop_6,cat_8,7,
1989,pop_6,cat_8,7,
1990,pop_6,cat_8,7,
1991,pop_6,cat_8,7,
1992,pop_6,cat_8,6,
1993,pop_6,cat_8,6,
1994,pop_6,cat_8,7,
1995,pop_6,cat_8,7,
1996,pop_6,cat_8,7,
1997,pop_6,cat_8,7,
1998,pop_6,cat_8,8,
1999,pop_6,cat_8,8,
2000,pop_6,cat_8,9,
2001,pop_6,cat_8,9,
2002,pop_6,cat_8,9,
2003,pop_6,cat_8,10,
2004,pop_6,cat_8,11,
2005,pop_6,cat_8,11,
2006,pop_6,cat_8,11,
2007,pop_6,cat_8,12,
2008,pop_6,cat_8,12,
2009,pop_6,cat_8,12,
2010,pop_6,cat_8,13,
2011,pop_6,cat_8,13,
2012,pop_6,cat_8,14,
2013,pop_6,cat_8,14,
2014,pop_6,cat_8,13,
2015,pop_6,cat_8,15,
2016,pop_6,cat_8,18,
2017,pop_6,cat_8,14,
2018,pop_6,cat_8,19,
2019,pop_6,cat_8,19,
2020,pop_6,cat_8,20,
1982,pop_4,cat_5,982,107
1982,pop_5,cat_5,2595,186
1982,pop_6,cat_5,744,45
1982,pop_1,cat_5,322,25
1982,pop_2,cat_5,887,21
1982,pop_3,cat_5,238,9
1983,pop_4,cat_5,957,117
1983,pop_5,cat_5,2689,198
1983,pop_6,cat_5,680,43
1983,pop_1,cat_5,314,25
1983,pop_2,cat_5,892,23
1983,pop_3,cat_5,216,6
1984,pop_4,cat_5,918,137
1984,pop_5,cat_5,2739,229
1984,pop_6,cat_5,665,49
1984,pop_1,cat_5,299,34
1984,pop_2,cat_5,912,27
1984,pop_3,cat_5,196,6
1985,pop_4,cat_5,932,116
1985,pop_5,cat_5,2776,240
1985,pop_6,cat_5,685,55
1985,pop_1,cat_5,299,33
1985,pop_2,cat_5,910,25
1985,pop_3,cat_5,186,5
1986,pop_4,cat_5,958,141
1986,pop_5,cat_5,2863,267
1986,pop_6,cat_5,703,51
1986,pop_1,cat_5,302,34
1986,pop_2,cat_5,946,43
1986,pop_3,cat_5,174,7
1987,pop_4,cat_5,963,148
1987,pop_5,cat_5,2904,299
1987,pop_6,cat_5,691,54
1987,pop_1,cat_5,298,36
1987,pop_2,cat_5,977,39
1987,pop_3,cat_5,172,7
1988,pop_4,cat_5,936,138
1988,pop_5,cat_5,3003,313
1988,pop_6,cat_5,702,57
1988,pop_1,cat_5,281,34
1988,pop_2,cat_5,1004,45
1988,pop_3,cat_5,172,7
1989,pop_4,cat_5,936,129
1989,pop_5,cat_5,3119,326
1989,pop_6,cat_5,721,60
1989,pop_1,cat_5,283,34
1989,pop_2,cat_5,1070,42
1989,pop_3,cat_5,170,8
1990,pop_4,cat_5,883,121
1990,pop_5,cat_5,3218,318
1990,pop_6,cat_5,685,57
1990,pop_1,cat_5,266,38
1990,pop_2,cat_5,1014,61
1990,pop_3,cat_5,175,13
1991,pop_4,cat_5,794,116
1991,pop_5,cat_5,3266,322
1991,pop_6,cat_5,658,62
1991,pop_1,cat_5,227,35
1991,pop_2,cat_5,971,65
1991,pop_3,cat_5,159,12
1992,pop_4,cat_5,732,126
1992,pop_5,cat_5,3364,387
1992,pop_6,cat_5,652,61
1992,pop_1,cat_5,222,39
1992,pop_2,cat_5,971,77
1992,pop_3,cat_5,162,10
1993,pop_4,cat_5,688,135
1993,pop_5,cat_5,3488,438
1993,pop_6,cat_5,716,58
1993,pop_1,cat_5,235,41
1993,pop_2,cat_5,1046,88
1993,pop_3,cat_5,173,8
1994,pop_4,cat_5,648,129
1994,pop_5,cat_5,3559,481
1994,pop_6,cat_5,710,57
1994,pop_1,cat_5,227,46
1994,pop_2,cat_5,1077,92
1994,pop_3,cat_5,165,14
1995,pop_4,cat_5,627,118
1995,pop_5,cat_5,3632,481
1995,pop_6,cat_5,762,61
1995,pop_1,cat_5,228,37
1995,pop_2,cat_5,1100,103
1995,pop_3,cat_5,173,11
1996,pop_4,cat_5,603,104
1996,pop_5,cat_5,3764,500
1996,pop_6,cat_5,780,69
1996,pop_1,cat_5,212,40
1996,pop_2,cat_5,1096,108
1996,pop_3,cat_5,174,12
1997,pop_4,cat_5,557,92
1997,pop_5,cat_5,3738,489
1997,pop_6,cat_5,832,75
1997,pop_1,cat_5,210,36
1997,pop_2,cat_5,1123,104
1997,pop_3,cat_5,179,15
1998,pop_4,cat_5,542,81
1998,pop_5,cat_5,3791,510
1998,pop_6,cat_5,849,80
1998,pop_1,cat_5,208,33
1998,pop_2,cat_5,1156,115
1998,pop_3,cat_5,189,14
1999,pop_4,cat_5,553,70
1999,pop_5,cat_5,3797,485
1999,pop_6,cat_5,929,82
1999,pop_1,cat_5,228,36
1999,pop_2,cat_5,1131,116
1999,pop_3,cat_5,223,21
2000,pop_4,cat_5,599,63
2000,pop_5,cat_5,3829,452
2000,pop_6,cat_5,1001,74
2000,pop_1,cat_5,250,34
2000,pop_2,cat_5,1146,84
2000,pop_3,cat_5,227,20
2001,pop_4,cat_5,610,69
2001,pop_5,cat_5,3814,396
2001,pop_6,cat_5,1054,74
2001,pop_1,cat_5,255,29
2001,pop_2,cat_5,1206,88
2001,pop_3,cat_5,239,13
2002,pop_4,cat_5,654,68
2002,pop_5,cat_5,3828,369
2002,pop_6,cat_5,1113,71
2002,pop_1,cat_5,279,32
2002,pop_2,cat_5,1201,92
2002,pop_3,cat_5,249,15
2003,pop_4,cat_5,652,91
2003,pop_5,cat_5,3802,387
2003,pop_6,cat_5,1207,81
2003,pop_1,cat_5,260,34
2003,pop_2,cat_5,1190,111
2003,pop_3,cat_5,275,19
2004,pop_4,cat_5,646,95
2004,pop_5,cat_5,3729,390
2004,pop_6,cat_5,1262,86
2004,pop_1,cat_5,266,34
2004,pop_2,cat_5,1196,109
2004,pop_3,cat_5,286,14
2005,pop_4,cat_5,648,106
2005,pop_5,cat_5,3747,404
2005,pop_6,cat_5,1313,87
2005,pop_1,cat_5,254,45
2005,pop_2,cat_5,1228,114
2005,pop_3,cat_5,305,15
2006,pop_4,cat_5,632,109
2006,pop_5,cat_5,3728,398
2006,pop_6,cat_5,1374,82
2006,pop_1,cat_5,236,43
2006,pop_2,cat_5,1182,105
2006,pop_3,cat_5,340,17
2007,pop_4,cat_5,654,97
2007,pop_5,cat_5,3814,360
2007,pop_6,cat_5,1442,71
2007,pop_1,cat_5,259,30
2007,pop_2,cat_5,1181,101
2007,pop_3,cat_5,332,16
2008,pop_4,cat_5,649,79
2008,pop_5,cat_5,3810,325
2008,pop_6,cat_5,1487,72
2008,pop_1,cat_5,270,32
2008,pop_2,cat_5,1224,84
2008,pop_3,cat_5,364,17
2009,pop_4,cat_5,642,102
2009,pop_5,cat_5,3699,365
2009,pop_6,cat_5,1544,91
2009,pop_1,cat_5,265,42
2009,pop_2,cat_5,1177,105
2009,pop_3,cat_5,366,20
2010,pop_4,cat_5,612,105
2010,pop_5,cat_5,3642,397
2010,pop_6,cat_5,1583,106
2010,pop_1,cat_5,255,42
2010,pop_2,cat_5,1155,106
2010,pop_3,cat_5,369,19
2011,pop_4,cat_5,601,105
2011,pop_5,cat_5,3516,400
2011,pop_6,cat_5,1602,110
2011,pop_1,cat_5,251,44
2011,pop_2,cat_5,1149,116
2011,pop_3,cat_5,381,23
2012,pop_4,cat_5,574,99
2012,pop_5,cat_5,3445,422
2012,pop_6,cat_5,1687,119
2012,pop_1,cat_5,238,39
2012,pop_2,cat_5,1139,134
2012,pop_3,cat_5,384,27
2013,pop_4,cat_5,566,99
2013,pop_5,cat_5,3482,417
2013,pop_6,cat_5,1683,139
2013,pop_1,cat_5,255,42
2013,pop_2,cat_5,1101,140
2013,pop_3,cat_5,397,31
2014,pop_4,cat_5,571,90
2014,pop_5,cat_5,3421,408
2014,pop_6,cat_5,1766,150
2014,pop_1,cat_5,259,51
2014,pop_2,cat_5,1089,143
2014,pop_3,cat_5,398,34
2015,pop_4,cat_5,578,92
2015,pop_5,cat_5,3289,414
2015,pop_6,cat_5,1814,138
2015,pop_1,cat_5,253,47
2015,pop_2,cat_5,1131,147
2015,pop_3,cat_5,397,39
2016,pop_4,cat_5,564,98
2016,pop_5,cat_5,3163,410
2016,pop_6,cat_5,1830,139
2016,pop_1,cat_5,244,46
2016,pop_2,cat_5,1098,135
2016,pop_3,cat_5,389,32
2017,pop_4,cat_5,549,80
2017,pop_5,cat_5,3149,390
2017,pop_6,cat_5,1846,142
2017,pop_1,cat_5,270,46
2017,pop_2,cat_5,1074,131
2017,pop_3,cat_5,410,45
2018,pop_4,cat_5,558,86
2018,pop_5,cat_5,3166,369
2018,pop_6,cat_5,1853,140
2018,pop_1,cat_5,279,42
2018,pop_2,cat_5,1058,125
2018,pop_3,cat_5,435,39
2019,pop_4,cat_5,577,68
2019,pop_5,cat_5,3070,322
2019,pop_6,cat_5,1831,147
2019,pop_1,cat_5,274,47
2019,pop_2,cat_5,1084,112
2019,pop_3,cat_5,435,37
2020,pop_4,cat_5,529,87
2020,pop_5,cat_5,2904,277
2020,pop_6,cat_5,1797,117
2020,pop_1,cat_5,271,44
2020,pop_2,cat_5,1039,106
2020,pop_3,cat_5,426,32
