ann√©e,pop_id,cha_id,nombre_employe
1990,pop_1,cha_1,8
1991,pop_1,cha_1,0
1992,pop_1,cha_1,0
1993,pop_1,cha_1,20
1994,pop_1,cha_1,20
1995,pop_1,cha_1,21
1996,pop_1,cha_1,17
1997,pop_1,cha_1,24
1998,pop_1,cha_1,29
1999,pop_1,cha_1,14
2000,pop_1,cha_1,12
2001,pop_1,cha_1,5
2002,pop_1,cha_1,11
2003,pop_1,cha_1,14
2004,pop_1,cha_1,17
2005,pop_1,cha_1,16
2006,pop_1,cha_1,16
2007,pop_1,cha_1,18
2008,pop_1,cha_1,18
2009,pop_1,cha_1,22
2010,pop_1,cha_1,20
2011,pop_1,cha_1,24
2012,pop_1,cha_1,22
2013,pop_1,cha_1,23
2014,pop_1,cha_1,26
2015,pop_1,cha_1,25
2016,pop_1,cha_1,19
2017,pop_1,cha_1,24
2018,pop_1,cha_1,20
2019,pop_1,cha_1,12
2020,pop_1,cha_1,10
1990,pop_2,cha_1,0
1991,pop_2,cha_1,0
1992,pop_2,cha_1,13
1993,pop_2,cha_1,35
1994,pop_2,cha_1,57
1995,pop_2,cha_1,72
1996,pop_2,cha_1,77
1997,pop_2,cha_1,82
1998,pop_2,cha_1,81
1999,pop_2,cha_1,77
2000,pop_2,cha_1,69
2001,pop_2,cha_1,54
2002,pop_2,cha_1,42
2003,pop_2,cha_1,39
2004,pop_2,cha_1,46
2005,pop_2,cha_1,46
2006,pop_2,cha_1,48
2007,pop_2,cha_1,47
2008,pop_2,cha_1,42
2009,pop_2,cha_1,56
2010,pop_2,cha_1,64
2011,pop_2,cha_1,57
2012,pop_2,cha_1,61
2013,pop_2,cha_1,68
2014,pop_2,cha_1,69
2015,pop_2,cha_1,83
2016,pop_2,cha_1,77
2017,pop_2,cha_1,55
2018,pop_2,cha_1,56
2019,pop_2,cha_1,47
2020,pop_2,cha_1,30
1990,pop_3,cha_1,7
1991,pop_3,cha_1,7
1992,pop_3,cha_1,9
1993,pop_3,cha_1,12
1994,pop_3,cha_1,10
1995,pop_3,cha_1,12
1996,pop_3,cha_1,14
1997,pop_3,cha_1,15
1998,pop_3,cha_1,23
1999,pop_3,cha_1,20
2000,pop_3,cha_1,26
2001,pop_3,cha_1,19
2002,pop_3,cha_1,14
2003,pop_3,cha_1,10
2004,pop_3,cha_1,8
2005,pop_3,cha_1,8
2006,pop_3,cha_1,13
2007,pop_3,cha_1,14
2008,pop_3,cha_1,20
2009,pop_3,cha_1,14
2010,pop_3,cha_1,20
2011,pop_3,cha_1,23
2012,pop_3,cha_1,25
2013,pop_3,cha_1,21
2014,pop_3,cha_1,20
2015,pop_3,cha_1,26
2016,pop_3,cha_1,30
2017,pop_3,cha_1,22
2018,pop_3,cha_1,20
2019,pop_3,cha_1,15
2020,pop_3,cha_1,13
1990,pop_4,cha_1,75
1991,pop_4,cha_1,48
1992,pop_4,cha_1,56
1993,pop_4,cha_1,76
1994,pop_4,cha_1,78
1995,pop_4,cha_1,85
1996,pop_4,cha_1,84
1997,pop_4,cha_1,76
1998,pop_4,cha_1,95
1999,pop_4,cha_1,76
2000,pop_4,cha_1,61
2001,pop_4,cha_1,47
2002,pop_4,cha_1,42
2003,pop_4,cha_1,36
2004,pop_4,cha_1,38
2005,pop_4,cha_1,38
2006,pop_4,cha_1,45
2007,pop_4,cha_1,48
2008,pop_4,cha_1,46
2009,pop_4,cha_1,50
2010,pop_4,cha_1,41
2011,pop_4,cha_1,54
2012,pop_4,cha_1,48
2013,pop_4,cha_1,45
2014,pop_4,cha_1,40
2015,pop_4,cha_1,43
2016,pop_4,cha_1,40
2017,pop_4,cha_1,32
2018,pop_4,cha_1,39
2019,pop_4,cha_1,25
2020,pop_4,cha_1,23
1990,pop_5,cha_1,41
1991,pop_5,cha_1,39
1992,pop_5,cha_1,73
1993,pop_5,cha_1,117
1994,pop_5,cha_1,168
1995,pop_5,cha_1,173
1996,pop_5,cha_1,174
1997,pop_5,cha_1,204
1998,pop_5,cha_1,211
1999,pop_5,cha_1,189
2000,pop_5,cha_1,196
2001,pop_5,cha_1,152
2002,pop_5,cha_1,141
2003,pop_5,cha_1,129
2004,pop_5,cha_1,119
2005,pop_5,cha_1,118
2006,pop_5,cha_1,137
2007,pop_5,cha_1,157
2008,pop_5,cha_1,166
2009,pop_5,cha_1,175
2010,pop_5,cha_1,176
2011,pop_5,cha_1,167
2012,pop_5,cha_1,175
2013,pop_5,cha_1,166
2014,pop_5,cha_1,155
2015,pop_5,cha_1,151
2016,pop_5,cha_1,150
2017,pop_5,cha_1,139
2018,pop_5,cha_1,130
2019,pop_5,cha_1,116
2020,pop_5,cha_1,94
1990,pop_6,cha_1,0
1991,pop_6,cha_1,0
1992,pop_6,cha_1,0
1993,pop_6,cha_1,5
1994,pop_6,cha_1,6
1995,pop_6,cha_1,5
1996,pop_6,cha_1,13
1997,pop_6,cha_1,15
1998,pop_6,cha_1,18
1999,pop_6,cha_1,21
2000,pop_6,cha_1,19
2001,pop_6,cha_1,19
2002,pop_6,cha_1,19
2003,pop_6,cha_1,23
2004,pop_6,cha_1,34
2005,pop_6,cha_1,28
2006,pop_6,cha_1,28
2007,pop_6,cha_1,36
2008,pop_6,cha_1,37
2009,pop_6,cha_1,50
2010,pop_6,cha_1,51
2011,pop_6,cha_1,48
2012,pop_6,cha_1,56
2013,pop_6,cha_1,53
2014,pop_6,cha_1,60
2015,pop_6,cha_1,63
2016,pop_6,cha_1,61
2017,pop_6,cha_1,56
2018,pop_6,cha_1,50
2019,pop_6,cha_1,48
2020,pop_6,cha_1,36
1990,pop_1,cha_2,43
1991,pop_1,cha_2,45
1992,pop_1,cha_2,44
1993,pop_1,cha_2,45
1994,pop_1,cha_2,49
1995,pop_1,cha_2,56
1996,pop_1,cha_2,51
1997,pop_1,cha_2,53
1998,pop_1,cha_2,49
1999,pop_1,cha_2,53
2000,pop_1,cha_2,50
2001,pop_1,cha_2,45
2002,pop_1,cha_2,42
2003,pop_1,cha_2,43
2004,pop_1,cha_2,46
2005,pop_1,cha_2,43
2006,pop_1,cha_2,39
2007,pop_1,cha_2,46
2008,pop_1,cha_2,43
2009,pop_1,cha_2,46
2010,pop_1,cha_2,63
2011,pop_1,cha_2,57
2012,pop_1,cha_2,52
2013,pop_1,cha_2,57
2014,pop_1,cha_2,60
2015,pop_1,cha_2,64
2016,pop_1,cha_2,67
2017,pop_1,cha_2,75
2018,pop_1,cha_2,65
2019,pop_1,cha_2,61
2020,pop_1,cha_2,57
1990,pop_2,cha_2,44
1991,pop_2,cha_2,50
1992,pop_2,cha_2,51
1993,pop_2,cha_2,67
1994,pop_2,cha_2,81
1995,pop_2,cha_2,108
1996,pop_2,cha_2,120
1997,pop_2,cha_2,122
1998,pop_2,cha_2,134
1999,pop_2,cha_2,114
2000,pop_2,cha_2,127
2001,pop_2,cha_2,102
2002,pop_2,cha_2,97
2003,pop_2,cha_2,102
2004,pop_2,cha_2,115
2005,pop_2,cha_2,121
2006,pop_2,cha_2,133
2007,pop_2,cha_2,132
2008,pop_2,cha_2,141
2009,pop_2,cha_2,129
2010,pop_2,cha_2,151
2011,pop_2,cha_2,150
2012,pop_2,cha_2,156
2013,pop_2,cha_2,168
2014,pop_2,cha_2,183
2015,pop_2,cha_2,195
2016,pop_2,cha_2,189
2017,pop_2,cha_2,186
2018,pop_2,cha_2,176
2019,pop_2,cha_2,170
2020,pop_2,cha_2,178
1990,pop_3,cha_2,14
1991,pop_3,cha_2,17
1992,pop_3,cha_2,20
1993,pop_3,cha_2,19
1994,pop_3,cha_2,25
1995,pop_3,cha_2,27
1996,pop_3,cha_2,32
1997,pop_3,cha_2,34
1998,pop_3,cha_2,31
1999,pop_3,cha_2,29
2000,pop_3,cha_2,33
2001,pop_3,cha_2,34
2002,pop_3,cha_2,31
2003,pop_3,cha_2,31
2004,pop_3,cha_2,33
2005,pop_3,cha_2,34
2006,pop_3,cha_2,34
2007,pop_3,cha_2,36
2008,pop_3,cha_2,42
2009,pop_3,cha_2,58
2010,pop_3,cha_2,66
2011,pop_3,cha_2,62
2012,pop_3,cha_2,70
2013,pop_3,cha_2,65
2014,pop_3,cha_2,74
2015,pop_3,cha_2,76
2016,pop_3,cha_2,85
2017,pop_3,cha_2,85
2018,pop_3,cha_2,80
2019,pop_3,cha_2,78
2020,pop_3,cha_2,87
1990,pop_4,cha_2,152
1991,pop_4,cha_2,128
1992,pop_4,cha_2,117
1993,pop_4,cha_2,127
1994,pop_4,cha_2,136
1995,pop_4,cha_2,145
1996,pop_4,cha_2,144
1997,pop_4,cha_2,144
1998,pop_4,cha_2,142
1999,pop_4,cha_2,131
2000,pop_4,cha_2,139
2001,pop_4,cha_2,128
2002,pop_4,cha_2,123
2003,pop_4,cha_2,116
2004,pop_4,cha_2,111
2005,pop_4,cha_2,107
2006,pop_4,cha_2,125
2007,pop_4,cha_2,121
2008,pop_4,cha_2,131
2009,pop_4,cha_2,131
2010,pop_4,cha_2,132
2011,pop_4,cha_2,113
2012,pop_4,cha_2,112
2013,pop_4,cha_2,114
2014,pop_4,cha_2,119
2015,pop_4,cha_2,126
2016,pop_4,cha_2,121
2017,pop_4,cha_2,114
2018,pop_4,cha_2,114
2019,pop_4,cha_2,100
2020,pop_4,cha_2,85
1990,pop_5,cha_2,270
1991,pop_5,cha_2,281
1992,pop_5,cha_2,302
1993,pop_5,cha_2,363
1994,pop_5,cha_2,422
1995,pop_5,cha_2,444
1996,pop_5,cha_2,469
1997,pop_5,cha_2,542
1998,pop_5,cha_2,520
1999,pop_5,cha_2,523
2000,pop_5,cha_2,510
2001,pop_5,cha_2,505
2002,pop_5,cha_2,478
2003,pop_5,cha_2,492
2004,pop_5,cha_2,556
2005,pop_5,cha_2,554
2006,pop_5,cha_2,541
2007,pop_5,cha_2,574
2008,pop_5,cha_2,578
2009,pop_5,cha_2,582
2010,pop_5,cha_2,627
2011,pop_5,cha_2,560
2012,pop_5,cha_2,546
2013,pop_5,cha_2,585
2014,pop_5,cha_2,583
2015,pop_5,cha_2,603
2016,pop_5,cha_2,553
2017,pop_5,cha_2,523
2018,pop_5,cha_2,501
2019,pop_5,cha_2,470
2020,pop_5,cha_2,447
1990,pop_6,cha_2,65
1991,pop_6,cha_2,56
1992,pop_6,cha_2,59
1993,pop_6,cha_2,76
1994,pop_6,cha_2,86
1995,pop_6,cha_2,93
1996,pop_6,cha_2,97
1997,pop_6,cha_2,101
1998,pop_6,cha_2,103
1999,pop_6,cha_2,109
2000,pop_6,cha_2,111
2001,pop_6,cha_2,119
2002,pop_6,cha_2,111
2003,pop_6,cha_2,119
2004,pop_6,cha_2,136
2005,pop_6,cha_2,142
2006,pop_6,cha_2,143
2007,pop_6,cha_2,162
2008,pop_6,cha_2,187
2009,pop_6,cha_2,206
2010,pop_6,cha_2,219
2011,pop_6,cha_2,223
2012,pop_6,cha_2,231
2013,pop_6,cha_2,249
2014,pop_6,cha_2,252
2015,pop_6,cha_2,252
2016,pop_6,cha_2,265
2017,pop_6,cha_2,268
2018,pop_6,cha_2,255
2019,pop_6,cha_2,245
2020,pop_6,cha_2,220
1990,pop_1,cha_3,18
1991,pop_1,cha_3,17
1992,pop_1,cha_3,16
1993,pop_1,cha_3,20
1994,pop_1,cha_3,14
1995,pop_1,cha_3,14
1996,pop_1,cha_3,15
1997,pop_1,cha_3,7
1998,pop_1,cha_3,5
1999,pop_1,cha_3,14
2000,pop_1,cha_3,8
2001,pop_1,cha_3,14
2002,pop_1,cha_3,7
2003,pop_1,cha_3,4
2004,pop_1,cha_3,6
2005,pop_1,cha_3,8
2006,pop_1,cha_3,6
2007,pop_1,cha_3,8
2008,pop_1,cha_3,5
2009,pop_1,cha_3,11
2010,pop_1,cha_3,14
2011,pop_1,cha_3,5
2012,pop_1,cha_3,7
2013,pop_1,cha_3,8
2014,pop_1,cha_3,3
2015,pop_1,cha_3,4
2016,pop_1,cha_3,3
2017,pop_1,cha_3,4
2018,pop_1,cha_3,4
2019,pop_1,cha_3,3
2020,pop_1,cha_3,91
1990,pop_2,cha_3,90
1991,pop_2,cha_3,101
1992,pop_2,cha_3,81
1993,pop_2,cha_3,167
1994,pop_2,cha_3,128
1995,pop_2,cha_3,104
1996,pop_2,cha_3,107
1997,pop_2,cha_3,66
1998,pop_2,cha_3,59
1999,pop_2,cha_3,109
2000,pop_2,cha_3,45
2001,pop_2,cha_3,64
2002,pop_2,cha_3,59
2003,pop_2,cha_3,54
2004,pop_2,cha_3,49
2005,pop_2,cha_3,52
2006,pop_2,cha_3,40
2007,pop_2,cha_3,35
2008,pop_2,cha_3,36
2009,pop_2,cha_3,103
2010,pop_2,cha_3,88
2011,pop_2,cha_3,28
2012,pop_2,cha_3,48
2013,pop_2,cha_3,63
2014,pop_2,cha_3,38
2015,pop_2,cha_3,31
2016,pop_2,cha_3,33
2017,pop_2,cha_3,26
2018,pop_2,cha_3,35
2019,pop_2,cha_3,28
2020,pop_2,cha_3,555
1990,pop_3,cha_3,54
1991,pop_3,cha_3,51
1992,pop_3,cha_3,41
1993,pop_3,cha_3,58
1994,pop_3,cha_3,50
1995,pop_3,cha_3,43
1996,pop_3,cha_3,44
1997,pop_3,cha_3,30
1998,pop_3,cha_3,28
1999,pop_3,cha_3,48
2000,pop_3,cha_3,29
2001,pop_3,cha_3,40
2002,pop_3,cha_3,32
2003,pop_3,cha_3,23
2004,pop_3,cha_3,14
2005,pop_3,cha_3,19
2006,pop_3,cha_3,14
2007,pop_3,cha_3,15
2008,pop_3,cha_3,16
2009,pop_3,cha_3,38
2010,pop_3,cha_3,37
2011,pop_3,cha_3,15
2012,pop_3,cha_3,19
2013,pop_3,cha_3,31
2014,pop_3,cha_3,19
2015,pop_3,cha_3,17
2016,pop_3,cha_3,13
2017,pop_3,cha_3,13
2018,pop_3,cha_3,25
2019,pop_3,cha_3,17
2020,pop_3,cha_3,270
1990,pop_4,cha_3,2
1991,pop_4,cha_3,6
1992,pop_4,cha_3,3
1993,pop_4,cha_3,3
1994,pop_4,cha_3,4
1995,pop_4,cha_3,4
1996,pop_4,cha_3,1
1997,pop_4,cha_3,1
1998,pop_4,cha_3,0
1999,pop_4,cha_3,3
2000,pop_4,cha_3,2
2001,pop_4,cha_3,1
2002,pop_4,cha_3,2
2003,pop_4,cha_3,3
2004,pop_4,cha_3,2
2005,pop_4,cha_3,3
2006,pop_4,cha_3,3
2007,pop_4,cha_3,2
2008,pop_4,cha_3,3
2009,pop_4,cha_3,4
2010,pop_4,cha_3,3
2011,pop_4,cha_3,2
2012,pop_4,cha_3,2
2013,pop_4,cha_3,2
2014,pop_4,cha_3,2
2015,pop_4,cha_3,2
2016,pop_4,cha_3,2
2017,pop_4,cha_3,1
2018,pop_4,cha_3,2
2019,pop_4,cha_3,1
2020,pop_4,cha_3,75
1990,pop_5,cha_3,38
1991,pop_5,cha_3,40
1992,pop_5,cha_3,36
1993,pop_5,cha_3,50
1994,pop_5,cha_3,51
1995,pop_5,cha_3,43
1996,pop_5,cha_3,40
1997,pop_5,cha_3,34
1998,pop_5,cha_3,27
1999,pop_5,cha_3,41
2000,pop_5,cha_3,27
2001,pop_5,cha_3,31
2002,pop_5,cha_3,28
2003,pop_5,cha_3,23
2004,pop_5,cha_3,15
2005,pop_5,cha_3,16
2006,pop_5,cha_3,12
2007,pop_5,cha_3,19
2008,pop_5,cha_3,10
2009,pop_5,cha_3,30
2010,pop_5,cha_3,30
2011,pop_5,cha_3,9
2012,pop_5,cha_3,14
2013,pop_5,cha_3,27
2014,pop_5,cha_3,11
2015,pop_5,cha_3,12
2016,pop_5,cha_3,15
2017,pop_5,cha_3,14
2018,pop_5,cha_3,17
2019,pop_5,cha_3,12
2020,pop_5,cha_3,456
1990,pop_6,cha_3,14
1991,pop_6,cha_3,15
1992,pop_6,cha_3,13
1993,pop_6,cha_3,16
1994,pop_6,cha_3,13
1995,pop_6,cha_3,17
1996,pop_6,cha_3,12
1997,pop_6,cha_3,8
1998,pop_6,cha_3,8
1999,pop_6,cha_3,11
2000,pop_6,cha_3,8
2001,pop_6,cha_3,15
2002,pop_6,cha_3,12
2003,pop_6,cha_3,9
2004,pop_6,cha_3,6
2005,pop_6,cha_3,9
2006,pop_6,cha_3,8
2007,pop_6,cha_3,4
2008,pop_6,cha_3,6
2009,pop_6,cha_3,14
2010,pop_6,cha_3,12
2011,pop_6,cha_3,4
2012,pop_6,cha_3,8
2013,pop_6,cha_3,14
2014,pop_6,cha_3,6
2015,pop_6,cha_3,5
2016,pop_6,cha_3,6
2017,pop_6,cha_3,6
2018,pop_6,cha_3,11
2019,pop_6,cha_3,6
2020,pop_6,cha_3,235
1982,pop_1,cha_4,242
1983,pop_1,cha_4,200
1984,pop_1,cha_4,190
1985,pop_1,cha_4,278
1986,pop_1,cha_4,364
1987,pop_1,cha_4,444
1988,pop_1,cha_4,433
1989,pop_1,cha_4,419
1990,pop_1,cha_4,359
1991,pop_1,cha_4,280
1992,pop_1,cha_4,298
1993,pop_1,cha_4,284
1994,pop_1,cha_4,285
1995,pop_1,cha_4,305
1996,pop_1,cha_4,295
1997,pop_1,cha_4,283
1998,pop_1,cha_4,291
1999,pop_1,cha_4,318
2000,pop_1,cha_4,360
2001,pop_1,cha_4,334
2002,pop_1,cha_4,315
2003,pop_1,cha_4,290
2004,pop_1,cha_4,289
2005,pop_1,cha_4,260
2006,pop_1,cha_4,261
2007,pop_1,cha_4,277
2008,pop_1,cha_4,272
2009,pop_1,cha_4,259
2010,pop_1,cha_4,286
2011,pop_1,cha_4,270
2012,pop_1,cha_4,252
2013,pop_1,cha_4,266
2014,pop_1,cha_4,264
2015,pop_1,cha_4,286
2016,pop_1,cha_4,279
2017,pop_1,cha_4,291
2018,pop_1,cha_4,277
2019,pop_1,cha_4,283
2020,pop_1,cha_4,262
1982,pop_4,cha_4,214
1983,pop_4,cha_4,221
1984,pop_4,cha_4,196
1985,pop_4,cha_4,225
1986,pop_4,cha_4,317
1987,pop_4,cha_4,389
1988,pop_4,cha_4,393
1989,pop_4,cha_4,416
1990,pop_4,cha_4,401
1991,pop_4,cha_4,343
1992,pop_4,cha_4,337
1993,pop_4,cha_4,336
1994,pop_4,cha_4,297
1995,pop_4,cha_4,328
1996,pop_4,cha_4,324
1997,pop_4,cha_4,316
1998,pop_4,cha_4,347
1999,pop_4,cha_4,342
2000,pop_4,cha_4,380
2001,pop_4,cha_4,384
2002,pop_4,cha_4,357
2003,pop_4,cha_4,341
2004,pop_4,cha_4,323
2005,pop_4,cha_4,316
2006,pop_4,cha_4,338
2007,pop_4,cha_4,377
2008,pop_4,cha_4,354
2009,pop_4,cha_4,364
2010,pop_4,cha_4,356
2011,pop_4,cha_4,339
2012,pop_4,cha_4,324
2013,pop_4,cha_4,337
2014,pop_4,cha_4,349
2015,pop_4,cha_4,381
2016,pop_4,cha_4,379
2017,pop_4,cha_4,364
2018,pop_4,cha_4,367
2019,pop_4,cha_4,360
2020,pop_4,cha_4,328
1982,pop_2,cha_4,157
1983,pop_2,cha_4,140
1984,pop_2,cha_4,136
1985,pop_2,cha_4,165
1986,pop_2,cha_4,159
1987,pop_2,cha_4,185
1988,pop_2,cha_4,213
1989,pop_2,cha_4,235
1990,pop_2,cha_4,257
1991,pop_2,cha_4,271
1992,pop_2,cha_4,308
1993,pop_2,cha_4,347
1994,pop_2,cha_4,361
1995,pop_2,cha_4,455
1996,pop_2,cha_4,469
1997,pop_2,cha_4,515
1998,pop_2,cha_4,515
1999,pop_2,cha_4,500
2000,pop_2,cha_4,541
2001,pop_2,cha_4,479
2002,pop_2,cha_4,459
2003,pop_2,cha_4,469
2004,pop_2,cha_4,470
2005,pop_2,cha_4,525
2006,pop_2,cha_4,526
2007,pop_2,cha_4,506
2008,pop_2,cha_4,503
2009,pop_2,cha_4,472
2010,pop_2,cha_4,524
2011,pop_2,cha_4,535
2012,pop_2,cha_4,533
2013,pop_2,cha_4,540
2014,pop_2,cha_4,536
2015,pop_2,cha_4,574
2016,pop_2,cha_4,568
2017,pop_2,cha_4,587
2018,pop_2,cha_4,570
2019,pop_2,cha_4,552
2020,pop_2,cha_4,488
1982,pop_5,cha_4,225
1983,pop_5,cha_4,232
1984,pop_5,cha_4,219
1985,pop_5,cha_4,223
1986,pop_5,cha_4,249
1987,pop_5,cha_4,237
1988,pop_5,cha_4,293
1989,pop_5,cha_4,327
1990,pop_5,cha_4,349
1991,pop_5,cha_4,380
1992,pop_5,cha_4,432
1993,pop_5,cha_4,521
1994,pop_5,cha_4,530
1995,pop_5,cha_4,598
1996,pop_5,cha_4,652
1997,pop_5,cha_4,673
1998,pop_5,cha_4,703
1999,pop_5,cha_4,697
2000,pop_5,cha_4,783
2001,pop_5,cha_4,754
2002,pop_5,cha_4,781
2003,pop_5,cha_4,768
2004,pop_5,cha_4,755
2005,pop_5,cha_4,773
2006,pop_5,cha_4,777
2007,pop_5,cha_4,818
2008,pop_5,cha_4,832
2009,pop_5,cha_4,813
2010,pop_5,cha_4,823
2011,pop_5,cha_4,813
2012,pop_5,cha_4,831
2013,pop_5,cha_4,795
2014,pop_5,cha_4,794
2015,pop_5,cha_4,841
2016,pop_5,cha_4,843
2017,pop_5,cha_4,899
2018,pop_5,cha_4,885
2019,pop_5,cha_4,848
2020,pop_5,cha_4,828
1982,pop_3,cha_4,38
1983,pop_3,cha_4,37
1984,pop_3,cha_4,28
1985,pop_3,cha_4,31
1986,pop_3,cha_4,29
1987,pop_3,cha_4,24
1988,pop_3,cha_4,34
1989,pop_3,cha_4,26
1990,pop_3,cha_4,26
1991,pop_3,cha_4,28
1992,pop_3,cha_4,32
1993,pop_3,cha_4,44
1994,pop_3,cha_4,42
1995,pop_3,cha_4,49
1996,pop_3,cha_4,62
1997,pop_3,cha_4,65
1998,pop_3,cha_4,66
1999,pop_3,cha_4,67
2000,pop_3,cha_4,88
2001,pop_3,cha_4,77
2002,pop_3,cha_4,71
2003,pop_3,cha_4,78
2004,pop_3,cha_4,69
2005,pop_3,cha_4,89
2006,pop_3,cha_4,91
2007,pop_3,cha_4,89
2008,pop_3,cha_4,97
2009,pop_3,cha_4,112
2010,pop_3,cha_4,123
2011,pop_3,cha_4,128
2012,pop_3,cha_4,136
2013,pop_3,cha_4,116
2014,pop_3,cha_4,128
2015,pop_3,cha_4,144
2016,pop_3,cha_4,157
2017,pop_3,cha_4,164
2018,pop_3,cha_4,153
2019,pop_3,cha_4,165
2020,pop_3,cha_4,156
1982,pop_6,cha_4,63
1983,pop_6,cha_4,59
1984,pop_6,cha_4,64
1985,pop_6,cha_4,70
1986,pop_6,cha_4,63
1987,pop_6,cha_4,59
1988,pop_6,cha_4,59
1989,pop_6,cha_4,50
1990,pop_6,cha_4,41
1991,pop_6,cha_4,42
1992,pop_6,cha_4,46
1993,pop_6,cha_4,62
1994,pop_6,cha_4,62
1995,pop_6,cha_4,76
1996,pop_6,cha_4,82
1997,pop_6,cha_4,90
1998,pop_6,cha_4,102
1999,pop_6,cha_4,110
2000,pop_6,cha_4,106
2001,pop_6,cha_4,118
2002,pop_6,cha_4,137
2003,pop_6,cha_4,140
2004,pop_6,cha_4,142
2005,pop_6,cha_4,140
2006,pop_6,cha_4,147
2007,pop_6,cha_4,163
2008,pop_6,cha_4,196
2009,pop_6,cha_4,195
2010,pop_6,cha_4,200
2011,pop_6,cha_4,192
2012,pop_6,cha_4,218
2013,pop_6,cha_4,208
2014,pop_6,cha_4,231
2015,pop_6,cha_4,234
2016,pop_6,cha_4,234
2017,pop_6,cha_4,264
2018,pop_6,cha_4,260
2019,pop_6,cha_4,252
2020,pop_6,cha_4,230
1982,pop_1,cha_5,30
1983,pop_1,cha_5,26
1984,pop_1,cha_5,25
1985,pop_1,cha_5,28
1986,pop_1,cha_5,34
1987,pop_1,cha_5,28
1988,pop_1,cha_5,41
1989,pop_1,cha_5,58
1990,pop_1,cha_5,56
1991,pop_1,cha_5,41
1992,pop_1,cha_5,40
1993,pop_1,cha_5,36
1994,pop_1,cha_5,36
1995,pop_1,cha_5,53
1996,pop_1,cha_5,54
1997,pop_1,cha_5,59
1998,pop_1,cha_5,76
1999,pop_1,cha_5,91
2000,pop_1,cha_5,108
2001,pop_1,cha_5,122
2002,pop_1,cha_5,105
2003,pop_1,cha_5,112
2004,pop_1,cha_5,117
2005,pop_1,cha_5,125
2006,pop_1,cha_5,113
2007,pop_1,cha_5,119
2008,pop_1,cha_5,114
2009,pop_1,cha_5,82
2010,pop_1,cha_5,93
2011,pop_1,cha_5,106
2012,pop_1,cha_5,94
2013,pop_1,cha_5,91
2014,pop_1,cha_5,92
2015,pop_1,cha_5,94
2016,pop_1,cha_5,107
2017,pop_1,cha_5,115
2018,pop_1,cha_5,122
2019,pop_1,cha_5,105
2020,pop_1,cha_5,96
1982,pop_4,cha_5,15
1983,pop_4,cha_5,15
1984,pop_4,cha_5,11
1985,pop_4,cha_5,16
1986,pop_4,cha_5,10
1987,pop_4,cha_5,11
1988,pop_4,cha_5,16
1989,pop_4,cha_5,23
1990,pop_4,cha_5,19
1991,pop_4,cha_5,16
1992,pop_4,cha_5,17
1993,pop_4,cha_5,13
1994,pop_4,cha_5,14
1995,pop_4,cha_5,20
1996,pop_4,cha_5,19
1997,pop_4,cha_5,25
1998,pop_4,cha_5,34
1999,pop_4,cha_5,32
2000,pop_4,cha_5,35
2001,pop_4,cha_5,42
2002,pop_4,cha_5,43
2003,pop_4,cha_5,48
2004,pop_4,cha_5,42
2005,pop_4,cha_5,49
2006,pop_4,cha_5,43
2007,pop_4,cha_5,41
2008,pop_4,cha_5,43
2009,pop_4,cha_5,34
2010,pop_4,cha_5,41
2011,pop_4,cha_5,51
2012,pop_4,cha_5,40
2013,pop_4,cha_5,33
2014,pop_4,cha_5,37
2015,pop_4,cha_5,35
2016,pop_4,cha_5,40
2017,pop_4,cha_5,49
2018,pop_4,cha_5,55
2019,pop_4,cha_5,51
2020,pop_4,cha_5,45
1982,pop_2,cha_5,29
1983,pop_2,cha_5,28
1984,pop_2,cha_5,20
1985,pop_2,cha_5,28
1986,pop_2,cha_5,34
1987,pop_2,cha_5,37
1988,pop_2,cha_5,47
1989,pop_2,cha_5,69
1990,pop_2,cha_5,67
1991,pop_2,cha_5,67
1992,pop_2,cha_5,64
1993,pop_2,cha_5,54
1994,pop_2,cha_5,69
1995,pop_2,cha_5,95
1996,pop_2,cha_5,93
1997,pop_2,cha_5,114
1998,pop_2,cha_5,134
1999,pop_2,cha_5,149
2000,pop_2,cha_5,185
2001,pop_2,cha_5,194
2002,pop_2,cha_5,148
2003,pop_2,cha_5,169
2004,pop_2,cha_5,185
2005,pop_2,cha_5,210
2006,pop_2,cha_5,236
2007,pop_2,cha_5,239
2008,pop_2,cha_5,244
2009,pop_2,cha_5,185
2010,pop_2,cha_5,205
2011,pop_2,cha_5,230
2012,pop_2,cha_5,226
2013,pop_2,cha_5,236
2014,pop_2,cha_5,243
2015,pop_2,cha_5,268
2016,pop_2,cha_5,287
2017,pop_2,cha_5,306
2018,pop_2,cha_5,299
2019,pop_2,cha_5,288
2020,pop_2,cha_5,235
1982,pop_5,cha_5,19
1983,pop_5,cha_5,17
1984,pop_5,cha_5,19
1985,pop_5,cha_5,14
1986,pop_5,cha_5,19
1987,pop_5,cha_5,17
1988,pop_5,cha_5,21
1989,pop_5,cha_5,31
1990,pop_5,cha_5,32
1991,pop_5,cha_5,35
1992,pop_5,cha_5,37
1993,pop_5,cha_5,26
1994,pop_5,cha_5,39
1995,pop_5,cha_5,45
1996,pop_5,cha_5,38
1997,pop_5,cha_5,47
1998,pop_5,cha_5,61
1999,pop_5,cha_5,68
2000,pop_5,cha_5,88
2001,pop_5,cha_5,95
2002,pop_5,cha_5,95
2003,pop_5,cha_5,98
2004,pop_5,cha_5,100
2005,pop_5,cha_5,99
2006,pop_5,cha_5,108
2007,pop_5,cha_5,107
2008,pop_5,cha_5,114
2009,pop_5,cha_5,86
2010,pop_5,cha_5,92
2011,pop_5,cha_5,110
2012,pop_5,cha_5,101
2013,pop_5,cha_5,102
2014,pop_5,cha_5,110
2015,pop_5,cha_5,107
2016,pop_5,cha_5,106
2017,pop_5,cha_5,122
2018,pop_5,cha_5,117
2019,pop_5,cha_5,118
2020,pop_5,cha_5,103
1982,pop_3,cha_5,3
1983,pop_3,cha_5,2
1984,pop_3,cha_5,3
1985,pop_3,cha_5,2
1986,pop_3,cha_5,4
1987,pop_3,cha_5,3
1988,pop_3,cha_5,4
1989,pop_3,cha_5,5
1990,pop_3,cha_5,5
1991,pop_3,cha_5,5
1992,pop_3,cha_5,3
1993,pop_3,cha_5,3
1994,pop_3,cha_5,5
1995,pop_3,cha_5,6
1996,pop_3,cha_5,6
1997,pop_3,cha_5,7
1998,pop_3,cha_5,9
1999,pop_3,cha_5,8
2000,pop_3,cha_5,13
2001,pop_3,cha_5,16
2002,pop_3,cha_5,12
2003,pop_3,cha_5,17
2004,pop_3,cha_5,23
2005,pop_3,cha_5,30
2006,pop_3,cha_5,31
2007,pop_3,cha_5,28
2008,pop_3,cha_5,33
2009,pop_3,cha_5,28
2010,pop_3,cha_5,30
2011,pop_3,cha_5,36
2012,pop_3,cha_5,35
2013,pop_3,cha_5,39
2014,pop_3,cha_5,37
2015,pop_3,cha_5,45
2016,pop_3,cha_5,54
2017,pop_3,cha_5,69
2018,pop_3,cha_5,70
2019,pop_3,cha_5,74
2020,pop_3,cha_5,68
1982,pop_6,cha_5,5
1983,pop_6,cha_5,3
1984,pop_6,cha_5,4
1985,pop_6,cha_5,2
1986,pop_6,cha_5,1
1987,pop_6,cha_5,2
1988,pop_6,cha_5,2
1989,pop_6,cha_5,1
1990,pop_6,cha_5,1
1991,pop_6,cha_5,3
1992,pop_6,cha_5,3
1993,pop_6,cha_5,3
1994,pop_6,cha_5,4
1995,pop_6,cha_5,5
1996,pop_6,cha_5,4
1997,pop_6,cha_5,3
1998,pop_6,cha_5,8
1999,pop_6,cha_5,6
2000,pop_6,cha_5,4
2001,pop_6,cha_5,13
2002,pop_6,cha_5,11
2003,pop_6,cha_5,10
2004,pop_6,cha_5,10
2005,pop_6,cha_5,11
2006,pop_6,cha_5,15
2007,pop_6,cha_5,18
2008,pop_6,cha_5,15
2009,pop_6,cha_5,13
2010,pop_6,cha_5,15
2011,pop_6,cha_5,17
2012,pop_6,cha_5,18
2013,pop_6,cha_5,17
2014,pop_6,cha_5,18
2015,pop_6,cha_5,21
2016,pop_6,cha_5,29
2017,pop_6,cha_5,37
2018,pop_6,cha_5,37
2019,pop_6,cha_5,28
2020,pop_6,cha_5,27
1982,pop_1,cha_6,145
1983,pop_1,cha_6,143
1984,pop_1,cha_6,133
1985,pop_1,cha_6,136
1986,pop_1,cha_6,130
1987,pop_1,cha_6,139
1988,pop_1,cha_6,150
1989,pop_1,cha_6,156
1990,pop_1,cha_6,134
1991,pop_1,cha_6,110
1992,pop_1,cha_6,101
1993,pop_1,cha_6,102
1994,pop_1,cha_6,108
1995,pop_1,cha_6,119
1996,pop_1,cha_6,131
1997,pop_1,cha_6,145
1998,pop_1,cha_6,164
1999,pop_1,cha_6,181
2000,pop_1,cha_6,170
2001,pop_1,cha_6,153
2002,pop_1,cha_6,162
2003,pop_1,cha_6,175
2004,pop_1,cha_6,185
2005,pop_1,cha_6,219
2006,pop_1,cha_6,220
2007,pop_1,cha_6,236
2008,pop_1,cha_6,233
2009,pop_1,cha_6,233
2010,pop_1,cha_6,226
2011,pop_1,cha_6,234
2012,pop_1,cha_6,232
2013,pop_1,cha_6,247
2014,pop_1,cha_6,211
2015,pop_1,cha_6,223
2016,pop_1,cha_6,223
2017,pop_1,cha_6,234
2018,pop_1,cha_6,251
2019,pop_1,cha_6,252
2020,pop_1,cha_6,264
1982,pop_4,cha_6,26
1983,pop_4,cha_6,32
1984,pop_4,cha_6,29
1985,pop_4,cha_6,34
1986,pop_4,cha_6,34
1987,pop_4,cha_6,35
1988,pop_4,cha_6,39
1989,pop_4,cha_6,44
1990,pop_4,cha_6,42
1991,pop_4,cha_6,36
1992,pop_4,cha_6,36
1993,pop_4,cha_6,36
1994,pop_4,cha_6,37
1995,pop_4,cha_6,35
1996,pop_4,cha_6,45
1997,pop_4,cha_6,45
1998,pop_4,cha_6,45
1999,pop_4,cha_6,50
2000,pop_4,cha_6,61
2001,pop_4,cha_6,59
2002,pop_4,cha_6,57
2003,pop_4,cha_6,71
2004,pop_4,cha_6,92
2005,pop_4,cha_6,102
2006,pop_4,cha_6,103
2007,pop_4,cha_6,105
2008,pop_4,cha_6,103
2009,pop_4,cha_6,110
2010,pop_4,cha_6,116
2011,pop_4,cha_6,117
2012,pop_4,cha_6,135
2013,pop_4,cha_6,133
2014,pop_4,cha_6,120
2015,pop_4,cha_6,116
2016,pop_4,cha_6,115
2017,pop_4,cha_6,111
2018,pop_4,cha_6,136
2019,pop_4,cha_6,141
2020,pop_4,cha_6,162
1982,pop_2,cha_6,1
1983,pop_2,cha_6,1
1984,pop_2,cha_6,1
1985,pop_2,cha_6,1
1986,pop_2,cha_6,0
1987,pop_2,cha_6,0
1988,pop_2,cha_6,3
1989,pop_2,cha_6,3
1990,pop_2,cha_6,4
1991,pop_2,cha_6,2
1992,pop_2,cha_6,6
1993,pop_2,cha_6,3
1994,pop_2,cha_6,4
1995,pop_2,cha_6,6
1996,pop_2,cha_6,4
1997,pop_2,cha_6,6
1998,pop_2,cha_6,8
1999,pop_2,cha_6,9
2000,pop_2,cha_6,6
2001,pop_2,cha_6,4
2002,pop_2,cha_6,9
2003,pop_2,cha_6,7
2004,pop_2,cha_6,5
2005,pop_2,cha_6,8
2006,pop_2,cha_6,7
2007,pop_2,cha_6,12
2008,pop_2,cha_6,7
2009,pop_2,cha_6,7
2010,pop_2,cha_6,9
2011,pop_2,cha_6,14
2012,pop_2,cha_6,11
2013,pop_2,cha_6,16
2014,pop_2,cha_6,21
2015,pop_2,cha_6,21
2016,pop_2,cha_6,27
2017,pop_2,cha_6,19
2018,pop_2,cha_6,18
2019,pop_2,cha_6,30
2020,pop_2,cha_6,23
1982,pop_5,cha_6,1
1983,pop_5,cha_6,0
1984,pop_5,cha_6,2
1985,pop_5,cha_6,1
1986,pop_5,cha_6,1
1987,pop_5,cha_6,1
1988,pop_5,cha_6,1
1989,pop_5,cha_6,2
1990,pop_5,cha_6,1
1991,pop_5,cha_6,2
1992,pop_5,cha_6,3
1993,pop_5,cha_6,3
1994,pop_5,cha_6,4
1995,pop_5,cha_6,5
1996,pop_5,cha_6,3
1997,pop_5,cha_6,4
1998,pop_5,cha_6,3
1999,pop_5,cha_6,6
2000,pop_5,cha_6,5
2001,pop_5,cha_6,4
2002,pop_5,cha_6,7
2003,pop_5,cha_6,6
2004,pop_5,cha_6,4
2005,pop_5,cha_6,5
2006,pop_5,cha_6,3
2007,pop_5,cha_6,4
2008,pop_5,cha_6,7
2009,pop_5,cha_6,4
2010,pop_5,cha_6,3
2011,pop_5,cha_6,9
2012,pop_5,cha_6,15
2013,pop_5,cha_6,15
2014,pop_5,cha_6,16
2015,pop_5,cha_6,13
2016,pop_5,cha_6,15
2017,pop_5,cha_6,17
2018,pop_5,cha_6,22
2019,pop_5,cha_6,27
2020,pop_5,cha_6,18
1982,pop_3,cha_6,0
1983,pop_3,cha_6,0
1984,pop_3,cha_6,0
1985,pop_3,cha_6,0
1986,pop_3,cha_6,0
1987,pop_3,cha_6,0
1988,pop_3,cha_6,0
1989,pop_3,cha_6,0
1990,pop_3,cha_6,0
1991,pop_3,cha_6,0
1992,pop_3,cha_6,1
1993,pop_3,cha_6,0
1994,pop_3,cha_6,0
1995,pop_3,cha_6,0
1996,pop_3,cha_6,0
1997,pop_3,cha_6,0
1998,pop_3,cha_6,1
1999,pop_3,cha_6,0
2000,pop_3,cha_6,1
2001,pop_3,cha_6,1
2002,pop_3,cha_6,1
2003,pop_3,cha_6,0
2004,pop_3,cha_6,0
2005,pop_3,cha_6,0
2006,pop_3,cha_6,0
2007,pop_3,cha_6,0
2008,pop_3,cha_6,0
2009,pop_3,cha_6,0
2010,pop_3,cha_6,0
2011,pop_3,cha_6,0
2012,pop_3,cha_6,0
2013,pop_3,cha_6,0
2014,pop_3,cha_6,0
2015,pop_3,cha_6,0
2016,pop_3,cha_6,0
2017,pop_3,cha_6,0
2018,pop_3,cha_6,0
2019,pop_3,cha_6,1
2020,pop_3,cha_6,0
1982,pop_6,cha_6,0
1983,pop_6,cha_6,0
1984,pop_6,cha_6,0
1985,pop_6,cha_6,0
1986,pop_6,cha_6,0
1987,pop_6,cha_6,0
1988,pop_6,cha_6,0
1989,pop_6,cha_6,0
1990,pop_6,cha_6,0
1991,pop_6,cha_6,0
1992,pop_6,cha_6,0
1993,pop_6,cha_6,0
1994,pop_6,cha_6,0
1995,pop_6,cha_6,0
1996,pop_6,cha_6,0
1997,pop_6,cha_6,0
1998,pop_6,cha_6,0
1999,pop_6,cha_6,0
2000,pop_6,cha_6,0
2001,pop_6,cha_6,0
2002,pop_6,cha_6,0
2003,pop_6,cha_6,0
2004,pop_6,cha_6,0
2005,pop_6,cha_6,0
2006,pop_6,cha_6,0
2007,pop_6,cha_6,0
2008,pop_6,cha_6,0
2009,pop_6,cha_6,0
2010,pop_6,cha_6,0
2011,pop_6,cha_6,0
2012,pop_6,cha_6,1
2013,pop_6,cha_6,0
2014,pop_6,cha_6,0
2015,pop_6,cha_6,0
2016,pop_6,cha_6,1
2017,pop_6,cha_6,1
2018,pop_6,cha_6,0
2019,pop_6,cha_6,1
2020,pop_6,cha_6,0
1982,pop_1,cha_7,1655
1983,pop_1,cha_7,1658
1984,pop_1,cha_7,1513
1985,pop_1,cha_7,1411
1986,pop_1,cha_7,1322
1987,pop_1,cha_7,1214
1988,pop_1,cha_7,1126
1989,pop_1,cha_7,1135
1990,pop_1,cha_7,1140
1991,pop_1,cha_7,1124
1992,pop_1,cha_7,1064
1993,pop_1,cha_7,949
1994,pop_1,cha_7,848
1995,pop_1,cha_7,792
1996,pop_1,cha_7,768
1997,pop_1,cha_7,685
1998,pop_1,cha_7,643
1999,pop_1,cha_7,598
2000,pop_1,cha_7,640
2001,pop_1,cha_7,686
2002,pop_1,cha_7,730
2003,pop_1,cha_7,699
2004,pop_1,cha_7,682
2005,pop_1,cha_7,668
2006,pop_1,cha_7,667
2007,pop_1,cha_7,649
2008,pop_1,cha_7,662
2009,pop_1,cha_7,635
2010,pop_1,cha_7,613
2011,pop_1,cha_7,573
2012,pop_1,cha_7,547
2013,pop_1,cha_7,526
2014,pop_1,cha_7,528
2015,pop_1,cha_7,503
2016,pop_1,cha_7,492
2017,pop_1,cha_7,513
2018,pop_1,cha_7,551
2019,pop_1,cha_7,534
2020,pop_1,cha_7,522
1982,pop_4,cha_7,1344
1983,pop_4,cha_7,1302
1984,pop_4,cha_7,1236
1985,pop_4,cha_7,1194
1986,pop_4,cha_7,1112
1987,pop_4,cha_7,1043
1988,pop_4,cha_7,961
1989,pop_4,cha_7,929
1990,pop_4,cha_7,893
1991,pop_4,cha_7,832
1992,pop_4,cha_7,770
1993,pop_4,cha_7,702
1994,pop_4,cha_7,642
1995,pop_4,cha_7,609
1996,pop_4,cha_7,556
1997,pop_4,cha_7,504
1998,pop_4,cha_7,489
1999,pop_4,cha_7,488
2000,pop_4,cha_7,539
2001,pop_4,cha_7,550
2002,pop_4,cha_7,603
2003,pop_4,cha_7,580
2004,pop_4,cha_7,567
2005,pop_4,cha_7,548
2006,pop_4,cha_7,512
2007,pop_4,cha_7,534
2008,pop_4,cha_7,556
2009,pop_4,cha_7,540
2010,pop_4,cha_7,482
2011,pop_4,cha_7,465
2012,pop_4,cha_7,448
2013,pop_4,cha_7,420
2014,pop_4,cha_7,422
2015,pop_4,cha_7,419
2016,pop_4,cha_7,416
2017,pop_4,cha_7,445
2018,pop_4,cha_7,447
2019,pop_4,cha_7,481
2020,pop_4,cha_7,452
1982,pop_2,cha_7,6879
1983,pop_2,cha_7,6970
1984,pop_2,cha_7,6984
1985,pop_2,cha_7,6992
1986,pop_2,cha_7,7009
1987,pop_2,cha_7,7063
1988,pop_2,cha_7,7099
1989,pop_2,cha_7,7259
1990,pop_2,cha_7,7217
1991,pop_2,cha_7,7340
1992,pop_2,cha_7,7343
1993,pop_2,cha_7,7351
1994,pop_2,cha_7,7370
1995,pop_2,cha_7,7364
1996,pop_2,cha_7,7366
1997,pop_2,cha_7,7284
1998,pop_2,cha_7,7285
1999,pop_2,cha_7,7286
2000,pop_2,cha_7,7396
2001,pop_2,cha_7,7518
2002,pop_2,cha_7,7511
2003,pop_2,cha_7,7389
2004,pop_2,cha_7,7413
2005,pop_2,cha_7,7274
2006,pop_2,cha_7,7196
2007,pop_2,cha_7,7258
2008,pop_2,cha_7,7418
2009,pop_2,cha_7,7247
2010,pop_2,cha_7,7047
2011,pop_2,cha_7,6942
2012,pop_2,cha_7,6877
2013,pop_2,cha_7,6782
2014,pop_2,cha_7,6715
2015,pop_2,cha_7,6589
2016,pop_2,cha_7,6567
2017,pop_2,cha_7,6593
2018,pop_2,cha_7,6541
2019,pop_2,cha_7,6495
2020,pop_2,cha_7,6489
1982,pop_5,cha_7,4624
1983,pop_5,cha_7,4772
1984,pop_5,cha_7,4929
1985,pop_5,cha_7,5051
1986,pop_5,cha_7,5194
1987,pop_5,cha_7,5277
1988,pop_5,cha_7,5386
1989,pop_5,cha_7,5537
1990,pop_5,cha_7,5684
1991,pop_5,cha_7,5843
1992,pop_5,cha_7,5948
1993,pop_5,cha_7,6074
1994,pop_5,cha_7,6136
1995,pop_5,cha_7,6178
1996,pop_5,cha_7,6274
1997,pop_5,cha_7,6214
1998,pop_5,cha_7,6279
1999,pop_5,cha_7,6332
2000,pop_5,cha_7,6380
2001,pop_5,cha_7,6508
2002,pop_5,cha_7,6544
2003,pop_5,cha_7,6523
2004,pop_5,cha_7,6562
2005,pop_5,cha_7,6596
2006,pop_5,cha_7,6612
2007,pop_5,cha_7,6712
2008,pop_5,cha_7,6803
2009,pop_5,cha_7,6724
2010,pop_5,cha_7,6672
2011,pop_5,cha_7,6585
2012,pop_5,cha_7,6520
2013,pop_5,cha_7,6561
2014,pop_5,cha_7,6486
2015,pop_5,cha_7,6400
2016,pop_5,cha_7,6345
2017,pop_5,cha_7,6223
2018,pop_5,cha_7,6311
2019,pop_5,cha_7,6345
2020,pop_5,cha_7,6252
1982,pop_3,cha_7,1796
1983,pop_3,cha_7,1707
1984,pop_3,cha_7,1608
1985,pop_3,cha_7,1616
1986,pop_3,cha_7,1603
1987,pop_3,cha_7,1555
1988,pop_3,cha_7,1552
1989,pop_3,cha_7,1558
1990,pop_3,cha_7,1566
1991,pop_3,cha_7,1530
1992,pop_3,cha_7,1489
1993,pop_3,cha_7,1500
1994,pop_3,cha_7,1467
1995,pop_3,cha_7,1515
1996,pop_3,cha_7,1568
1997,pop_3,cha_7,1639
1998,pop_3,cha_7,1713
1999,pop_3,cha_7,1816
2000,pop_3,cha_7,1906
2001,pop_3,cha_7,2035
2002,pop_3,cha_7,2143
2003,pop_3,cha_7,2221
2004,pop_3,cha_7,2285
2005,pop_3,cha_7,2314
2006,pop_3,cha_7,2328
2007,pop_3,cha_7,2435
2008,pop_3,cha_7,2501
2009,pop_3,cha_7,2534
2010,pop_3,cha_7,2574
2011,pop_3,cha_7,2655
2012,pop_3,cha_7,2785
2013,pop_3,cha_7,2855
2014,pop_3,cha_7,2862
2015,pop_3,cha_7,2901
2016,pop_3,cha_7,2921
2017,pop_3,cha_7,2983
2018,pop_3,cha_7,3059
2019,pop_3,cha_7,3057
2020,pop_3,cha_7,3156
1982,pop_6,cha_7,1210
1983,pop_6,cha_7,1097
1984,pop_6,cha_7,1060
1985,pop_6,cha_7,1073
1986,pop_6,cha_7,1107
1987,pop_6,cha_7,1112
1988,pop_6,cha_7,1111
1989,pop_6,cha_7,1152
1990,pop_6,cha_7,1162
1991,pop_6,cha_7,1145
1992,pop_6,cha_7,1120
1993,pop_6,cha_7,1171
1994,pop_6,cha_7,1212
1995,pop_6,cha_7,1268
1996,pop_6,cha_7,1325
1997,pop_6,cha_7,1404
1998,pop_6,cha_7,1471
1999,pop_6,cha_7,1602
2000,pop_6,cha_7,1730
2001,pop_6,cha_7,1811
2002,pop_6,cha_7,1917
2003,pop_6,cha_7,2092
2004,pop_6,cha_7,2226
2005,pop_6,cha_7,2335
2006,pop_6,cha_7,2401
2007,pop_6,cha_7,2499
2008,pop_6,cha_7,2547
2009,pop_6,cha_7,2640
2010,pop_6,cha_7,2712
2011,pop_6,cha_7,2817
2012,pop_6,cha_7,2955
2013,pop_6,cha_7,3023
2014,pop_6,cha_7,3095
2015,pop_6,cha_7,3175
2016,pop_6,cha_7,3248
2017,pop_6,cha_7,3287
2018,pop_6,cha_7,3327
2019,pop_6,cha_7,3364
2020,pop_6,cha_7,3442
1982,pop_1,cha_8,158
1983,pop_1,cha_8,161
1984,pop_1,cha_8,168
1985,pop_1,cha_8,148
1986,pop_1,cha_8,146
1987,pop_1,cha_8,146
1988,pop_1,cha_8,145
1989,pop_1,cha_8,116
1990,pop_1,cha_8,97
1991,pop_1,cha_8,82
1992,pop_1,cha_8,68
1993,pop_1,cha_8,55
1994,pop_1,cha_8,53
1995,pop_1,cha_8,55
1996,pop_1,cha_8,46
1997,pop_1,cha_8,48
1998,pop_1,cha_8,40
1999,pop_1,cha_8,38
2000,pop_1,cha_8,41
2001,pop_1,cha_8,35
2002,pop_1,cha_8,32
2003,pop_1,cha_8,32
2004,pop_1,cha_8,26
2005,pop_1,cha_8,29
2006,pop_1,cha_8,27
2007,pop_1,cha_8,32
2008,pop_1,cha_8,35
2009,pop_1,cha_8,33
2010,pop_1,cha_8,40
2011,pop_1,cha_8,42
2012,pop_1,cha_8,38
2013,pop_1,cha_8,33
2014,pop_1,cha_8,30
2015,pop_1,cha_8,30
2016,pop_1,cha_8,38
2017,pop_1,cha_8,30
2018,pop_1,cha_8,37
2019,pop_1,cha_8,40
2020,pop_1,cha_8,44
1982,pop_4,cha_8,63
1983,pop_4,cha_8,60
1984,pop_4,cha_8,65
1985,pop_4,cha_8,62
1986,pop_4,cha_8,74
1987,pop_4,cha_8,60
1988,pop_4,cha_8,58
1989,pop_4,cha_8,50
1990,pop_4,cha_8,44
1991,pop_4,cha_8,44
1992,pop_4,cha_8,38
1993,pop_4,cha_8,40
1994,pop_4,cha_8,34
1995,pop_4,cha_8,25
1996,pop_4,cha_8,19
1997,pop_4,cha_8,20
1998,pop_4,cha_8,22
1999,pop_4,cha_8,18
2000,pop_4,cha_8,16
2001,pop_4,cha_8,16
2002,pop_4,cha_8,11
2003,pop_4,cha_8,13
2004,pop_4,cha_8,17
2005,pop_4,cha_8,14
2006,pop_4,cha_8,17
2007,pop_4,cha_8,14
2008,pop_4,cha_8,18
2009,pop_4,cha_8,16
2010,pop_4,cha_8,16
2011,pop_4,cha_8,19
2012,pop_4,cha_8,16
2013,pop_4,cha_8,20
2014,pop_4,cha_8,21
2015,pop_4,cha_8,18
2016,pop_4,cha_8,20
2017,pop_4,cha_8,21
2018,pop_4,cha_8,19
2019,pop_4,cha_8,21
2020,pop_4,cha_8,26
1982,pop_2,cha_8,1416
1983,pop_2,cha_8,1392
1984,pop_2,cha_8,1400
1985,pop_2,cha_8,1400
1986,pop_2,cha_8,1443
1987,pop_2,cha_8,1460
1988,pop_2,cha_8,1489
1989,pop_2,cha_8,1467
1990,pop_2,cha_8,1578
1991,pop_2,cha_8,1569
1992,pop_2,cha_8,1567
1993,pop_2,cha_8,1491
1994,pop_2,cha_8,1489
1995,pop_2,cha_8,1485
1996,pop_2,cha_8,1466
1997,pop_2,cha_8,1428
1998,pop_2,cha_8,1402
1999,pop_2,cha_8,1375
2000,pop_2,cha_8,1300
2001,pop_2,cha_8,1237
2002,pop_2,cha_8,1212
2003,pop_2,cha_8,1174
2004,pop_2,cha_8,1096
2005,pop_2,cha_8,1131
2006,pop_2,cha_8,1220
2007,pop_2,cha_8,1212
2008,pop_2,cha_8,1141
2009,pop_2,cha_8,1191
2010,pop_2,cha_8,1240
2011,pop_2,cha_8,1243
2012,pop_2,cha_8,1195
2013,pop_2,cha_8,1144
2014,pop_2,cha_8,1122
2015,pop_2,cha_8,1089
2016,pop_2,cha_8,1104
2017,pop_2,cha_8,1084
2018,pop_2,cha_8,1093
2019,pop_2,cha_8,1114
2020,pop_2,cha_8,1139
1982,pop_5,cha_8,852
1983,pop_5,cha_8,871
1984,pop_5,cha_8,864
1985,pop_5,cha_8,838
1986,pop_5,cha_8,840
1987,pop_5,cha_8,803
1988,pop_5,cha_8,784
1989,pop_5,cha_8,772
1990,pop_5,cha_8,804
1991,pop_5,cha_8,816
1992,pop_5,cha_8,818
1993,pop_5,cha_8,768
1994,pop_5,cha_8,767
1995,pop_5,cha_8,793
1996,pop_5,cha_8,754
1997,pop_5,cha_8,737
1998,pop_5,cha_8,689
1999,pop_5,cha_8,660
2000,pop_5,cha_8,630
2001,pop_5,cha_8,607
2002,pop_5,cha_8,584
2003,pop_5,cha_8,555
2004,pop_5,cha_8,527
2005,pop_5,cha_8,507
2006,pop_5,cha_8,542
2007,pop_5,cha_8,541
2008,pop_5,cha_8,553
2009,pop_5,cha_8,567
2010,pop_5,cha_8,586
2011,pop_5,cha_8,592
2012,pop_5,cha_8,586
2013,pop_5,cha_8,594
2014,pop_5,cha_8,617
2015,pop_5,cha_8,607
2016,pop_5,cha_8,621
2017,pop_5,cha_8,640
2018,pop_5,cha_8,633
2019,pop_5,cha_8,652
2020,pop_5,cha_8,703
1982,pop_3,cha_8,1050
1983,pop_3,cha_8,1038
1984,pop_3,cha_8,1059
1985,pop_3,cha_8,1002
1986,pop_3,cha_8,982
1987,pop_3,cha_8,947
1988,pop_3,cha_8,926
1989,pop_3,cha_8,903
1990,pop_3,cha_8,870
1991,pop_3,cha_8,796
1992,pop_3,cha_8,776
1993,pop_3,cha_8,716
1994,pop_3,cha_8,713
1995,pop_3,cha_8,660
1996,pop_3,cha_8,673
1997,pop_3,cha_8,667
1998,pop_3,cha_8,670
1999,pop_3,cha_8,684
2000,pop_3,cha_8,693
2001,pop_3,cha_8,707
2002,pop_3,cha_8,746
2003,pop_3,cha_8,751
2004,pop_3,cha_8,750
2005,pop_3,cha_8,749
2006,pop_3,cha_8,754
2007,pop_3,cha_8,734
2008,pop_3,cha_8,715
2009,pop_3,cha_8,747
2010,pop_3,cha_8,805
2011,pop_3,cha_8,821
2012,pop_3,cha_8,839
2013,pop_3,cha_8,835
2014,pop_3,cha_8,872
2015,pop_3,cha_8,886
2016,pop_3,cha_8,909
2017,pop_3,cha_8,893
2018,pop_3,cha_8,927
2019,pop_3,cha_8,980
2020,pop_3,cha_8,943
1982,pop_6,cha_8,581
1983,pop_6,cha_8,623
1984,pop_6,cha_8,646
1985,pop_6,cha_8,602
1986,pop_6,cha_8,568
1987,pop_6,cha_8,567
1988,pop_6,cha_8,561
1989,pop_6,cha_8,535
1990,pop_6,cha_8,511
1991,pop_6,cha_8,486
1992,pop_6,cha_8,468
1993,pop_6,cha_8,415
1994,pop_6,cha_8,403
1995,pop_6,cha_8,377
1996,pop_6,cha_8,352
1997,pop_6,cha_8,336
1998,pop_6,cha_8,343
1999,pop_6,cha_8,359
2000,pop_6,cha_8,346
2001,pop_6,cha_8,348
2002,pop_6,cha_8,362
2003,pop_6,cha_8,372
2004,pop_6,cha_8,345
2005,pop_6,cha_8,364
2006,pop_6,cha_8,377
2007,pop_6,cha_8,356
2008,pop_6,cha_8,352
2009,pop_6,cha_8,331
2010,pop_6,cha_8,351
2011,pop_6,cha_8,364
2012,pop_6,cha_8,367
2013,pop_6,cha_8,367
2014,pop_6,cha_8,400
2015,pop_6,cha_8,419
2016,pop_6,cha_8,436
2017,pop_6,cha_8,441
2018,pop_6,cha_8,439
2019,pop_6,cha_8,473
2020,pop_6,cha_8,494
1975,pop_1,cha_9,2462
1976,pop_1,cha_9,2404
1977,pop_1,cha_9,2333
1978,pop_1,cha_9,2314
1979,pop_1,cha_9,2291
1980,pop_1,cha_9,2270
1981,pop_1,cha_9,2160
1982,pop_1,cha_9,2127
1983,pop_1,cha_9,2079
1984,pop_1,cha_9,1924
1985,pop_1,cha_9,1835
1986,pop_1,cha_9,1784
1987,pop_1,cha_9,1747
1988,pop_1,cha_9,1713
1989,pop_1,cha_9,1692
1990,pop_1,cha_9,1622
1991,pop_1,cha_9,1492
1992,pop_1,cha_9,1418
1993,pop_1,cha_9,1249
1994,pop_1,cha_9,1154
1995,pop_1,cha_9,1140
1996,pop_1,cha_9,1113
1997,pop_1,cha_9,1021
1998,pop_1,cha_9,1016
1999,pop_1,cha_9,1031
2000,pop_1,cha_9,1143
2001,pop_1,cha_9,1171
2002,pop_1,cha_9,1180
2003,pop_1,cha_9,1138
2004,pop_1,cha_9,1134
2005,pop_1,cha_9,1125
2006,pop_1,cha_9,1118
2007,pop_1,cha_9,1139
2008,pop_1,cha_9,1134
2009,pop_1,cha_9,1077
2010,pop_1,cha_9,1080
2011,pop_1,cha_9,1050
2012,pop_1,cha_9,996
2013,pop_1,cha_9,976
2014,pop_1,cha_9,930
2015,pop_1,cha_9,961
2016,pop_1,cha_9,959
2017,pop_1,cha_9,979
2018,pop_1,cha_9,1031
2019,pop_1,cha_9,1019
2020,pop_1,cha_9,1002
1975,pop_4,cha_9,1838
1976,pop_4,cha_9,1801
1977,pop_4,cha_9,1766
1978,pop_4,cha_9,1721
1979,pop_4,cha_9,1681
1980,pop_4,cha_9,1587
1981,pop_4,cha_9,1521
1982,pop_4,cha_9,1464
1983,pop_4,cha_9,1404
1984,pop_4,cha_9,1301
1985,pop_4,cha_9,1253
1986,pop_4,cha_9,1177
1987,pop_4,cha_9,1166
1988,pop_4,cha_9,1097
1989,pop_4,cha_9,1087
1990,pop_4,cha_9,1034
1991,pop_4,cha_9,968
1992,pop_4,cha_9,887
1993,pop_4,cha_9,797
1994,pop_4,cha_9,694
1995,pop_4,cha_9,665
1996,pop_4,cha_9,614
1997,pop_4,cha_9,555
1998,pop_4,cha_9,564
1999,pop_4,cha_9,584
2000,pop_4,cha_9,689
2001,pop_4,cha_9,718
2002,pop_4,cha_9,742
2003,pop_4,cha_9,720
2004,pop_4,cha_9,706
2005,pop_4,cha_9,693
2006,pop_4,cha_9,650
2007,pop_4,cha_9,695
2008,pop_4,cha_9,711
2009,pop_4,cha_9,705
2010,pop_4,cha_9,680
2011,pop_4,cha_9,666
2012,pop_4,cha_9,636
2013,pop_4,cha_9,627
2014,pop_4,cha_9,624
2015,pop_4,cha_9,625
2016,pop_4,cha_9,628
2017,pop_4,cha_9,652
2018,pop_4,cha_9,673
2019,pop_4,cha_9,706
2020,pop_4,cha_9,699
1975,pop_2,cha_9,8007
1976,pop_2,cha_9,8099
1977,pop_2,cha_9,8138
1978,pop_2,cha_9,8189
1979,pop_2,cha_9,8253
1980,pop_2,cha_9,8353
1981,pop_2,cha_9,8347
1982,pop_2,cha_9,8367
1983,pop_2,cha_9,8404
1984,pop_2,cha_9,8401
1985,pop_2,cha_9,8436
1986,pop_2,cha_9,8490
1987,pop_2,cha_9,8586
1988,pop_2,cha_9,8682
1989,pop_2,cha_9,8860
1990,pop_2,cha_9,8935
1991,pop_2,cha_9,9050
1992,pop_2,cha_9,9071
1993,pop_2,cha_9,8989
1994,pop_2,cha_9,8987
1995,pop_2,cha_9,9056
1996,pop_2,cha_9,9035
1997,pop_2,cha_9,8969
1998,pop_2,cha_9,8938
1999,pop_2,cha_9,8920
2000,pop_2,cha_9,9034
2001,pop_2,cha_9,9058
2002,pop_2,cha_9,8989
2003,pop_2,cha_9,8850
2004,pop_2,cha_9,8792
2005,pop_2,cha_9,8752
2006,pop_2,cha_9,8781
2007,pop_2,cha_9,8828
2008,pop_2,cha_9,8909
2009,pop_2,cha_9,8689
2010,pop_2,cha_9,8586
2011,pop_2,cha_9,8520
2012,pop_2,cha_9,8408
2013,pop_2,cha_9,8268
2014,pop_2,cha_9,8145
2015,pop_2,cha_9,8043
2016,pop_2,cha_9,8051
2017,pop_2,cha_9,8089
2018,pop_2,cha_9,8009
2019,pop_2,cha_9,7977
2020,pop_2,cha_9,7865
1975,pop_5,cha_9,3941
1976,pop_5,cha_9,4095
1977,pop_5,cha_9,4177
1978,pop_5,cha_9,4360
1979,pop_5,cha_9,4481
1980,pop_5,cha_9,4571
1981,pop_5,cha_9,4629
1982,pop_5,cha_9,4669
1983,pop_5,cha_9,4757
1984,pop_5,cha_9,4818
1985,pop_5,cha_9,4871
1986,pop_5,cha_9,4967
1987,pop_5,cha_9,5010
1988,pop_5,cha_9,5084
1989,pop_5,cha_9,5235
1990,pop_5,cha_9,5388
1991,pop_5,cha_9,5536
1992,pop_5,cha_9,5573
1993,pop_5,cha_9,5574
1994,pop_5,cha_9,5530
1995,pop_5,cha_9,5544
1996,pop_5,cha_9,5569
1997,pop_5,cha_9,5413
1998,pop_5,cha_9,5390
1999,pop_5,cha_9,5392
2000,pop_5,cha_9,5511
2001,pop_5,cha_9,5633
2002,pop_5,cha_9,5705
2003,pop_5,cha_9,5619
2004,pop_5,cha_9,5570
2005,pop_5,cha_9,5606
2006,pop_5,cha_9,5663
2007,pop_5,cha_9,5778
2008,pop_5,cha_9,5952
2009,pop_5,cha_9,5832
2010,pop_5,cha_9,5793
2011,pop_5,cha_9,5771
2012,pop_5,cha_9,5754
2013,pop_5,cha_9,5717
2014,pop_5,cha_9,5687
2015,pop_5,cha_9,5722
2016,pop_5,cha_9,5731
2017,pop_5,cha_9,5720
2018,pop_5,cha_9,5832
2019,pop_5,cha_9,5925
2020,pop_5,cha_9,5925
1975,pop_3,cha_9,2765
1976,pop_3,cha_9,2763
1977,pop_3,cha_9,2766
1978,pop_3,cha_9,2779
1979,pop_3,cha_9,2802
1980,pop_3,cha_9,2835
1981,pop_3,cha_9,2804
1982,pop_3,cha_9,2692
1983,pop_3,cha_9,2601
1984,pop_3,cha_9,2507
1985,pop_3,cha_9,2458
1986,pop_3,cha_9,2436
1987,pop_3,cha_9,2347
1988,pop_3,cha_9,2327
1989,pop_3,cha_9,2296
1990,pop_3,cha_9,2290
1991,pop_3,cha_9,2177
1992,pop_3,cha_9,2117
1993,pop_3,cha_9,2083
1994,pop_3,cha_9,2034
1995,pop_3,cha_9,2023
1996,pop_3,cha_9,2082
1997,pop_3,cha_9,2157
1998,pop_3,cha_9,2234
1999,pop_3,cha_9,2351
2000,pop_3,cha_9,2457
2001,pop_3,cha_9,2602
2002,pop_3,cha_9,2719
2003,pop_3,cha_9,2816
2004,pop_3,cha_9,2897
2005,pop_3,cha_9,2940
2006,pop_3,cha_9,2964
2007,pop_3,cha_9,3046
2008,pop_3,cha_9,3106
2009,pop_3,cha_9,3150
2010,pop_3,cha_9,3207
2011,pop_3,cha_9,3291
2012,pop_3,cha_9,3429
2013,pop_3,cha_9,3474
2014,pop_3,cha_9,3498
2015,pop_3,cha_9,3547
2016,pop_3,cha_9,3585
2017,pop_3,cha_9,3656
2018,pop_3,cha_9,3750
2019,pop_3,cha_9,3813
2020,pop_3,cha_9,3857
1975,pop_6,cha_9,1336
1976,pop_6,cha_9,1342
1977,pop_6,cha_9,1348
1978,pop_6,cha_9,1372
1979,pop_6,cha_9,1392
1980,pop_6,cha_9,1418
1981,pop_6,cha_9,1435
1982,pop_6,cha_9,1373
1983,pop_6,cha_9,1297
1984,pop_6,cha_9,1281
1985,pop_6,cha_9,1252
1986,pop_6,cha_9,1236
1987,pop_6,cha_9,1230
1988,pop_6,cha_9,1215
1989,pop_6,cha_9,1230
1990,pop_6,cha_9,1225
1991,pop_6,cha_9,1191
1992,pop_6,cha_9,1165
1993,pop_6,cha_9,1146
1994,pop_6,cha_9,1148
1995,pop_6,cha_9,1177
1996,pop_6,cha_9,1211
1997,pop_6,cha_9,1251
1998,pop_6,cha_9,1313
1999,pop_6,cha_9,1401
2000,pop_6,cha_9,1473
2001,pop_6,cha_9,1540
2002,pop_6,cha_9,1662
2003,pop_6,cha_9,1799
2004,pop_6,cha_9,1875
2005,pop_6,cha_9,1961
2006,pop_6,cha_9,2043
2007,pop_6,cha_9,2078
2008,pop_6,cha_9,2136
2009,pop_6,cha_9,2170
2010,pop_6,cha_9,2235
2011,pop_6,cha_9,2289
2012,pop_6,cha_9,2383
2013,pop_6,cha_9,2408
2014,pop_6,cha_9,2486
2015,pop_6,cha_9,2563
2016,pop_6,cha_9,2627
2017,pop_6,cha_9,2675
2018,pop_6,cha_9,2732
2019,pop_6,cha_9,2791
2020,pop_6,cha_9,2890
1975,pop_1,cha_10,88
1976,pop_1,cha_10,85
1977,pop_1,cha_10,87
1978,pop_1,cha_10,69
1979,pop_1,cha_10,86
1980,pop_1,cha_10,78
1981,pop_1,cha_10,78
1982,pop_1,cha_10,103
1983,pop_1,cha_10,109
1984,pop_1,cha_10,104
1985,pop_1,cha_10,166
1986,pop_1,cha_10,213
1987,pop_1,cha_10,225
1988,pop_1,cha_10,183
1989,pop_1,cha_10,192
1990,pop_1,cha_10,164
1991,pop_1,cha_10,145
1992,pop_1,cha_10,153
1993,pop_1,cha_10,178
1994,pop_1,cha_10,175
1995,pop_1,cha_10,184
1996,pop_1,cha_10,181
1997,pop_1,cha_10,199
1998,pop_1,cha_10,198
1999,pop_1,cha_10,195
2000,pop_1,cha_10,175
2001,pop_1,cha_10,159
2002,pop_1,cha_10,165
2003,pop_1,cha_10,170
2004,pop_1,cha_10,165
2005,pop_1,cha_10,177
2006,pop_1,cha_10,170
2007,pop_1,cha_10,174
2008,pop_1,cha_10,182
2009,pop_1,cha_10,166
2010,pop_1,cha_10,179
2011,pop_1,cha_10,175
2012,pop_1,cha_10,167
2013,pop_1,cha_10,187
2014,pop_1,cha_10,195
2015,pop_1,cha_10,176
2016,pop_1,cha_10,179
2017,pop_1,cha_10,205
2018,pop_1,cha_10,207
2019,pop_1,cha_10,194
2020,pop_1,cha_10,186
1975,pop_4,cha_10,130
1976,pop_4,cha_10,146
1977,pop_4,cha_10,151
1978,pop_4,cha_10,149
1979,pop_4,cha_10,162
1980,pop_4,cha_10,166
1981,pop_4,cha_10,166
1982,pop_4,cha_10,199
1983,pop_4,cha_10,226
1984,pop_4,cha_10,236
1985,pop_4,cha_10,279
1986,pop_4,cha_10,371
1987,pop_4,cha_10,371
1988,pop_4,cha_10,370
1989,pop_4,cha_10,374
1990,pop_4,cha_10,364
1991,pop_4,cha_10,303
1992,pop_4,cha_10,311
1993,pop_4,cha_10,329
1994,pop_4,cha_10,330
1995,pop_4,cha_10,352
1996,pop_4,cha_10,350
1997,pop_4,cha_10,357
1998,pop_4,cha_10,373
1999,pop_4,cha_10,345
2000,pop_4,cha_10,342
2001,pop_4,cha_10,332
2002,pop_4,cha_10,329
2003,pop_4,cha_10,332
2004,pop_4,cha_10,335
2005,pop_4,cha_10,337
2006,pop_4,cha_10,363
2007,pop_4,cha_10,375
2008,pop_4,cha_10,363
2009,pop_4,cha_10,359
2010,pop_4,cha_10,331
2011,pop_4,cha_10,324
2012,pop_4,cha_10,328
2013,pop_4,cha_10,316
2014,pop_4,cha_10,325
2015,pop_4,cha_10,344
2016,pop_4,cha_10,343
2017,pop_4,cha_10,338
2018,pop_4,cha_10,350
2019,pop_4,cha_10,348
2020,pop_4,cha_10,314
1975,pop_2,cha_10,81
1976,pop_2,cha_10,95
1977,pop_2,cha_10,100
1978,pop_2,cha_10,92
1979,pop_2,cha_10,99
1980,pop_2,cha_10,108
1981,pop_2,cha_10,110
1982,pop_2,cha_10,115
1983,pop_2,cha_10,126
1984,pop_2,cha_10,141
1985,pop_2,cha_10,151
1986,pop_2,cha_10,155
1987,pop_2,cha_10,159
1988,pop_2,cha_10,169
1989,pop_2,cha_10,172
1990,pop_2,cha_10,188
1991,pop_2,cha_10,198
1992,pop_2,cha_10,216
1993,pop_2,cha_10,257
1994,pop_2,cha_10,305
1995,pop_2,cha_10,348
1996,pop_2,cha_10,363
1997,pop_2,cha_10,378
1998,pop_2,cha_10,405
1999,pop_2,cha_10,399
2000,pop_2,cha_10,395
2001,pop_2,cha_10,372
2002,pop_2,cha_10,351
2003,pop_2,cha_10,357
2004,pop_2,cha_10,378
2005,pop_2,cha_10,397
2006,pop_2,cha_10,404
2007,pop_2,cha_10,399
2008,pop_2,cha_10,404
2009,pop_2,cha_10,413
2010,pop_2,cha_10,439
2011,pop_2,cha_10,444
2012,pop_2,cha_10,435
2013,pop_2,cha_10,450
2014,pop_2,cha_10,491
2015,pop_2,cha_10,499
2016,pop_2,cha_10,501
2017,pop_2,cha_10,500
2018,pop_2,cha_10,513
2019,pop_2,cha_10,502
2020,pop_2,cha_10,510
1975,pop_5,cha_10,784
1976,pop_5,cha_10,794
1977,pop_5,cha_10,899
1978,pop_5,cha_10,825
1979,pop_5,cha_10,893
1980,pop_5,cha_10,920
1981,pop_5,cha_10,957
1982,pop_5,cha_10,1053
1983,pop_5,cha_10,1135
1984,pop_5,cha_10,1215
1985,pop_5,cha_10,1256
1986,pop_5,cha_10,1335
1987,pop_5,cha_10,1325
1988,pop_5,cha_10,1400
1989,pop_5,cha_10,1433
1990,pop_5,cha_10,1481
1991,pop_5,cha_10,1541
1992,pop_5,cha_10,1665
1993,pop_5,cha_10,1818
1994,pop_5,cha_10,1947
1995,pop_5,cha_10,2075
1996,pop_5,cha_10,2152
1997,pop_5,cha_10,2263
1998,pop_5,cha_10,2345
1999,pop_5,cha_10,2372
2000,pop_5,cha_10,2374
2001,pop_5,cha_10,2336
2002,pop_5,cha_10,2306
2003,pop_5,cha_10,2332
2004,pop_5,cha_10,2377
2005,pop_5,cha_10,2373
2006,pop_5,cha_10,2379
2007,pop_5,cha_10,2404
2008,pop_5,cha_10,2357
2009,pop_5,cha_10,2362
2010,pop_5,cha_10,2383
2011,pop_5,cha_10,2339
2012,pop_5,cha_10,2299
2013,pop_5,cha_10,2350
2014,pop_5,cha_10,2336
2015,pop_5,cha_10,2246
2016,pop_5,cha_10,2199
2017,pop_5,cha_10,2180
2018,pop_5,cha_10,2137
2019,pop_5,cha_10,2066
2020,pop_5,cha_10,1978
1975,pop_3,cha_10,288
1976,pop_3,cha_10,270
1977,pop_3,cha_10,287
1978,pop_3,cha_10,241
1979,pop_3,cha_10,214
1980,pop_3,cha_10,221
1981,pop_3,cha_10,194
1982,pop_3,cha_10,196
1983,pop_3,cha_10,183
1984,pop_3,cha_10,192
1985,pop_3,cha_10,193
1986,pop_3,cha_10,182
1987,pop_3,cha_10,182
1988,pop_3,cha_10,189
1989,pop_3,cha_10,197
1990,pop_3,cha_10,178
1991,pop_3,cha_10,182
1992,pop_3,cha_10,183
1993,pop_3,cha_10,180
1994,pop_3,cha_10,193
1995,pop_3,cha_10,206
1996,pop_3,cha_10,227
1997,pop_3,cha_10,221
1998,pop_3,cha_10,224
1999,pop_3,cha_10,225
2000,pop_3,cha_10,243
2001,pop_3,cha_10,234
2002,pop_3,cha_10,254
2003,pop_3,cha_10,251
2004,pop_3,cha_10,229
2005,pop_3,cha_10,242
2006,pop_3,cha_10,239
2007,pop_3,cha_10,240
2008,pop_3,cha_10,240
2009,pop_3,cha_10,271
2010,pop_3,cha_10,325
2011,pop_3,cha_10,349
2012,pop_3,cha_10,366
2013,pop_3,cha_10,371
2014,pop_3,cha_10,401
2015,pop_3,cha_10,429
2016,pop_3,cha_10,456
2017,pop_3,cha_10,454
2018,pop_3,cha_10,458
2019,pop_3,cha_10,464
2020,pop_3,cha_10,466
1975,pop_6,cha_10,472
1976,pop_6,cha_10,472
1977,pop_6,cha_10,487
1978,pop_6,cha_10,446
1979,pop_6,cha_10,461
1980,pop_6,cha_10,457
1981,pop_6,cha_10,454
1982,pop_6,cha_10,486
1983,pop_6,cha_10,485
1984,pop_6,cha_10,493
1985,pop_6,cha_10,496
1986,pop_6,cha_10,503
1987,pop_6,cha_10,509
1988,pop_6,cha_10,517
1989,pop_6,cha_10,510
1990,pop_6,cha_10,490
1991,pop_6,cha_10,484
1992,pop_6,cha_10,472
1993,pop_6,cha_10,506
1994,pop_6,cha_10,533
1995,pop_6,cha_10,548
1996,pop_6,cha_10,552
1997,pop_6,cha_10,581
1998,pop_6,cha_10,612
1999,pop_6,cha_10,677
2000,pop_6,cha_10,712
2001,pop_6,cha_10,752
2002,pop_6,cha_10,765
2003,pop_6,cha_10,815
2004,pop_6,cha_10,847
2005,pop_6,cha_10,888
2006,pop_6,cha_10,896
2007,pop_6,cha_10,959
2008,pop_6,cha_10,973
2009,pop_6,cha_10,1009
2010,pop_6,cha_10,1044
2011,pop_6,cha_10,1102
2012,pop_6,cha_10,1174
2013,pop_6,cha_10,1207
2014,pop_6,cha_10,1258
2015,pop_6,cha_10,1286
2016,pop_6,cha_10,1321
2017,pop_6,cha_10,1355
2018,pop_6,cha_10,1330
2019,pop_6,cha_10,1328
2020,pop_6,cha_10,1304
